address_id,street_address,street_address_second_line,city,postal_code,country,last_update
1, Velit Road,Ap #885-1263,New York,9745,US,2/13/2025 11:11
2,Ap #553-7000 Hymenaeos. Av.,Ap #553-7000,Miami,233541,US,2/13/2025 11:11
3,340-1155 Suscipit Road, ,LIMA,140693,Peru,2/13/2025 11:11
4,"Ap #691-465 Ut, Street",,Buenos Aires,4778,Argentina,2/13/2025 11:11
5,359-8091 Eu Rd., ,Seattle,85156,US,2/13/2025 11:11
6,525-3223 Egestas Street,,New York,2713,US,2/13/2025 11:11
7,"P.O. Box 491, 7443 A Av.",,Miami,396243,US,2/13/2025 11:11
8,849-9281 Iaculis Avenue,,LIMA,505418,Peru,2/13/2025 11:11
9,"3362 Elementum, Road",Ap #552,Buenos Aires,483633,Argentina,2/13/2025 11:11
10,8127 Augue. Ave,,Seattle,147529,US,2/13/2025 11:11
11,546-6479 In St.,,New York,9745,US,2/13/2025 11:11
12,"Ap #429-9075 Et, Road",,Miami,233541,US,2/13/2025 11:11
13,793-2912 In Avenue,,LIMA,140693,Peru,2/13/2025 11:11
14,Ap #822-2173 Orci. Street,Ap #822,Buenos Aires,4778,Argentina,2/13/2025 11:11
15,6783 Ac Rd.,,Seattle,85156,US,2/13/2025 11:11
16,Ap #359-3383 Sodales Ave,,New York,2713,US,2/13/2025 11:11
17,213-3394 Pharetra. Avenue,,Miami,396243,US,2/13/2025 11:11
18,135-7128 Sapien St.,,LIMA,4778,Peru,2/13/2025 11:11
19,Ap #615-5268 Pretium St.,,Buenos Aires,483633,Argentina,2/13/2025 11:11
20,"P.O. Box 959, 2598 Orci, St.",,Seattle,147529,US,2/13/2025 11:11
21,"5190 Sapien, Road",,New York,9745,US,2/13/2025 11:11
22,Ap #656-8513 Iaculis Ave,Ap #656,Miami,233541,US,2/13/2025 11:11
23,977-2863 Nibh. St.,,LIMA,140693,Peru,2/13/2025 11:11
24,108-2264 Orci Rd.,,Buenos Aires,4778,Argentina,2/13/2025 11:11
25,"703-8082 Et, St.",,Seattle,85156,US,2/13/2025 11:11
26,110-9863 Pulvinar Rd.,,New York,2713,US,2/13/2025 11:11
27,5763 Curabitur Rd.,Ap #687,Miami,396243,US,2/13/2025 11:11
28,528-1456 Orci. Av.,,LIMA,505418,Peru,2/13/2025 11:11
29,"225-7262 Placerat, Avenue",,Buenos Aires,384744,Argentina,2/13/2025 11:11
30,3022 Convallis Rd.,Ap #170,Seattle,432053.5,US,2/13/2025 11:11
31,7743 Est St.,,New York,479363,US,2/13/2025 11:11
32,423-5573 Odio. Ave,,Miami,526672.5,US,2/13/2025 11:11
33,901-274 Quisque Rd.,,LIMA,573982,Peru,2/13/2025 11:11
34,975-7758 Varius. Av.,,Buenos Aires,621291.5,Argentina,2/13/2025 11:11
35,912-1304 Pharetra Road,,Seattle,668601,US,2/13/2025 11:11
36,458 Angela Forest Apt. 824,731,Buenos Aires,66697,Argentina,2/14/2025 16:57
37,3608 Anthony Mill,510,New York,01888,US,2/14/2025 16:57
38,3033 Ortega Camp Suite 615,79971,Buenos Aires,44563,Argentina,2/14/2025 16:57
39,50119 Jackson Crossing Apt. 709,397,Miami,90405,US,2/14/2025 16:57
40,70381 Owens Junctions Apt. 309,94789,Seattle,52139,US,2/14/2025 16:57
41,58798 Shelly Shoals Suite 641,46291,Lima,21270,Peru,2/14/2025 16:57
42,350 Christopher Common,6557,Lima,12261,Peru,2/14/2025 16:57
43,355 Jackson Spring Apt. 466,57395,Lima,02046,Peru,2/14/2025 16:57
44,97277 Robert Springs Suite 892,4726,Miami,96650,US,2/14/2025 16:57
45,35485 Gordon Roads,85435,Buenos Aires,80031,Argentina,2/14/2025 16:57
46,040 Perry Path,281,Miami,90324,US,2/14/2025 16:57
47,99036 Mitchell Dam Suite 561,16294,Miami,79418,US,2/14/2025 16:57
48,25566 Terri Light,7828,New York,46845,US,2/14/2025 16:57
49,817 Matthews Wells,74932,Lima,96392,Peru,2/14/2025 16:57
50,002 Michael Ways Suite 804,2371,New York,21923,US,2/14/2025 16:57
51,03795 Davis Walk,04501,Seattle,54977,US,2/14/2025 16:57
52,059 Campos Mount Apt. 543,38266,New York,70840,US,2/14/2025 16:57
53,574 Michelle Park Apt. 206,786,New York,96038,US,2/14/2025 16:57
54,98237 John Village Apt. 431,48896,New York,33761,US,2/14/2025 16:57
55,710 Newton Run Apt. 028,0627,Lima,26691,Peru,2/14/2025 16:57
56,486 Mark Port Suite 153,51572,Seattle,39749,US,2/14/2025 16:57
57,260 Hill Place,102,New York,98911,US,2/14/2025 16:57
58,64780 Jessica Vista Apt. 119,092,New York,59777,US,2/14/2025 16:57
59,145 Daniel Curve,28633,New York,04696,US,2/14/2025 16:57
60,96928 Vickie Avenue Apt. 781,31443,New York,20089,US,2/14/2025 16:57
61,723 Henderson Cove,0588,Lima,60284,Peru,2/14/2025 16:57
62,854 Laura Ridges Suite 195,025,New York,43227,US,2/14/2025 16:57
63,94197 Reynolds Vista Apt. 650,623,New York,62338,US,2/14/2025 16:57
64,0209 Michael Land Apt. 881,9084,Miami,76167,US,2/14/2025 16:57
65,581 Parks Knolls,43825,Lima,47778,Peru,2/14/2025 16:57
66,2507 Simmons Springs Suite 575,71296,Seattle,88530,US,2/14/2025 16:57
67,18948 Bell Passage Apt. 237,943,Lima,79746,Peru,2/14/2025 16:57
68,45443 Deanna Plaza Suite 170,204,New York,19743,US,2/14/2025 16:57
69,941 Kristine Key Apt. 506,2804,Miami,41716,US,2/14/2025 16:57
70,220 Johnson Causeway Suite 683,1361,Lima,13981,Peru,2/14/2025 16:57
71,08717 Christopher Row Apt. 024,85773,Miami,66090,US,2/14/2025 16:57
72,8202 Mcdaniel Village Apt. 396,819,New York,63893,US,2/14/2025 16:57
73,8862 Tammy Greens Apt. 955,2867,Lima,38655,Peru,2/14/2025 16:57
74,44776 Wayne Land Apt. 986,141,Lima,74680,Peru,2/14/2025 16:57
75,732 Newman Squares,80797,Seattle,02752,US,2/14/2025 16:57
76,81583 Little Avenue Suite 908,668,Miami,75993,US,2/14/2025 16:57
77,1490 Brown Islands,56363,New York,07591,US,2/14/2025 16:57
78,59556 Gardner Station Apt. 222,7227,Seattle,84856,US,2/14/2025 16:57
79,244 Zachary Junctions Suite 587,1905,Lima,22083,Peru,2/14/2025 16:57
80,601 Lambert Pine,6870,Buenos Aires,25104,Argentina,2/14/2025 16:57
81,7951 Jessica Drive Apt. 142,3624,New York,04632,US,2/14/2025 16:57
82,9035 Michael Greens Suite 596,74574,New York,65368,US,2/14/2025 16:57
83,34270 Stone Isle,777,Lima,16796,Peru,2/14/2025 16:57
84,667 Julie Mount,104,New York,02671,US,2/14/2025 16:57
85,132 Thompson Pass Apt. 863,833,Miami,31573,US,2/14/2025 16:57
86,8491 Hayes Harbor Suite 335,36980,Lima,07161,Peru,2/14/2025 16:57
87,868 Wendy Station,8557,Lima,68865,Peru,2/14/2025 16:57
88,4403 Paige Expressway,220,Miami,68283,US,2/14/2025 16:57
89,6630 Williams Neck Apt. 468,080,Seattle,79497,US,2/14/2025 16:57
90,012 Cantu Streets,36911,Lima,70778,Peru,2/14/2025 16:57
91,965 Johns Island,36645,New York,03660,US,2/14/2025 16:57
92,078 Massey Shoal,0735,Lima,16073,Peru,2/14/2025 16:57
93,600 Joseph Crossroad,9117,New York,93939,US,2/14/2025 16:57
94,773 Renee Cliff Suite 799,578,New York,01724,US,2/14/2025 16:57
95,5638 Linda Green Apt. 846,766,New York,74228,US,2/14/2025 16:57
96,11422 Mark Summit,05118,New York,24502,US,2/14/2025 16:57
97,0060 Raymond Crest,37354,Miami,45193,US,2/14/2025 16:57
98,6435 Douglas Coves,56261,New York,08854,US,2/14/2025 16:57
99,8309 Gregory Crest Suite 014,78176,Lima,71262,Peru,2/14/2025 16:57
100,731 Griffith Burg Suite 740,0162,Seattle,12334,US,2/14/2025 16:57
101,37297 James Fall,649,Miami,79655,US,2/14/2025 16:57
102,547 Thomas Highway,39006,Miami,34445,US,2/14/2025 16:57
103,282 Rachel Point,7833,New York,87078,US,2/14/2025 16:57
104,0206 Cindy Branch Apt. 510,1462,New York,35784,US,2/14/2025 16:57
105,06347 Smith Brooks,338,Miami,02367,US,2/14/2025 16:57
106,849 Karen Locks Suite 234,61775,Buenos Aires,19328,Argentina,2/14/2025 16:57
107,147 Pollard Club,5301,Miami,83941,US,2/14/2025 16:57
108,485 Kim Passage,21598,Seattle,10020,US,2/14/2025 16:57
109,7249 Roberts Bridge Apt. 723,8770,New York,58905,US,2/14/2025 16:57
110,9864 Franco Court,476,New York,25209,US,2/14/2025 16:57
111,724 Bender Loaf,7465,Seattle,90262,US,2/14/2025 16:57
112,8369 Carter Burgs,96243,Seattle,13986,US,2/14/2025 16:57
113,4365 Walker Parkway,19524,Miami,27596,US,2/14/2025 16:57
114,084 Gross Ways Apt. 772,251,New York,12298,US,2/14/2025 16:57
115,746 Ernest Streets,72780,New York,79414,US,2/14/2025 16:57
116,8655 Butler Plaza,2559,Lima,80121,Peru,2/14/2025 16:57
117,68398 Hernandez Underpass,4828,Lima,26798,Peru,2/14/2025 16:57
118,554 Harrison Path Apt. 240,837,Lima,36065,Peru,2/14/2025 16:57
119,860 Jennifer Canyon Apt. 115,91069,Miami,86127,US,2/14/2025 16:57
120,785 Rios Tunnel,66457,New York,82335,US,2/14/2025 16:57
121,3793 Richard Crossroad Suite 532,689,New York,07635,US,2/14/2025 16:57
122,4688 Smith Junction,0328,New York,15722,US,2/14/2025 16:57
123,214 Robert Spring,583,New York,91497,US,2/14/2025 16:57
124,8662 Tami Summit,00103,New York,52792,US,2/14/2025 16:57
125,924 Becker Mission,8408,Seattle,53337,US,2/14/2025 16:57
126,467 Roger Walk,222,Seattle,93173,US,2/14/2025 16:57
127,11717 Maurice Forks Suite 049,372,Lima,37917,Peru,2/14/2025 16:57
128,1062 Hubbard Forge,7370,Lima,17552,Peru,2/14/2025 16:57
129,5224 Kathryn Pine,70277,New York,43453,US,2/14/2025 16:57
130,95651 Anthony Mount,280,New York,88756,US,2/14/2025 16:57
131,6727 Travis Walks,626,New York,31798,US,2/14/2025 16:57
132,8783 Mercado Cliff,007,Lima,37381,Peru,2/14/2025 16:57
133,33224 Bailey Greens Suite 502,214,Lima,67379,Peru,2/14/2025 16:57
134,1999 Brian Freeway,20943,Seattle,95094,US,2/14/2025 16:57
135,792 Shelton Prairie,371,Lima,78283,Peru,2/14/2025 16:57
136,333 Dylan Cliff,94652,New York,33000,US,2/14/2025 16:57
137,0690 Frank Track,11653,New York,39153,US,2/14/2025 16:57
138,4566 Clark Vista,523,Lima,15633,Peru,2/14/2025 16:57
139,76404 Jessica Groves,810,New York,17595,US,2/14/2025 16:57
140,041 Katherine Shore Apt. 803,4211,New York,22706,US,2/14/2025 16:57
141,26362 Turner Spurs,670,Lima,39512,Peru,2/14/2025 16:57
142,8083 Lisa Ville Suite 573,466,Miami,11727,US,2/14/2025 16:57
143,02175 Thomas Bypass Suite 892,348,New York,39172,US,2/14/2025 16:57
144,7213 Welch Plains,145,Buenos Aires,13547,Argentina,2/14/2025 16:57
145,8125 Nicholas Cliff Suite 856,593,Seattle,14008,US,2/14/2025 16:57
146,52597 Tiffany Forges,134,Miami,86106,US,2/14/2025 16:57
147,3913 Peterson Creek Suite 955,6367,Miami,44149,US,2/14/2025 16:57
148,0013 Calhoun Canyon,816,Buenos Aires,13526,Argentina,2/14/2025 16:57
149,051 Peters Light,231,New York,45479,US,2/14/2025 16:57
150,58221 Simmons Prairie,83970,Lima,09220,Peru,2/14/2025 16:57
151,67483 Brittany Hill Apt. 935,45739,Miami,80500,US,2/14/2025 16:57
152,78436 Michael Lakes Suite 551,55947,Miami,74755,US,2/14/2025 16:57
153,72277 Christian Plaza Apt. 081,9437,Miami,39197,US,2/14/2025 16:57
154,126 Charles Divide,3072,New York,74012,US,2/14/2025 16:57
155,1681 Lynn Burg Suite 475,84220,Lima,64086,Peru,2/14/2025 16:57
156,929 Jesus Ways,3753,New York,19677,US,2/14/2025 16:57
157,95809 Howard Motorway,2398,New York,58636,US,2/14/2025 16:57
158,0070 David Lock Suite 676,809,Lima,33256,Peru,2/14/2025 16:57
159,5959 Hunt Junctions,3758,Miami,94189,US,2/14/2025 16:57
160,457 Payne Flats,895,Lima,73428,Peru,2/14/2025 16:57
161,7965 Matthew Inlet Apt. 135,8657,New York,90923,US,2/14/2025 16:57
162,10962 Christian Harbor,572,Lima,21812,Peru,2/14/2025 16:57
163,018 Shelley Tunnel,5530,New York,72156,US,2/14/2025 16:57
164,4412 Aguirre Cliffs Apt. 511,95997,New York,53179,US,2/14/2025 16:57
165,685 Mathis Route Suite 065,5428,Lima,50902,Peru,2/14/2025 16:57
166,407 Kimberly Fork Apt. 830,934,Miami,03208,US,2/14/2025 16:57
167,36538 Andrea Mission Suite 535,593,Miami,10585,US,2/14/2025 16:57
168,8415 Bethany Mountain,141,Miami,80537,US,2/14/2025 16:57
169,708 Jose Corners,490,New York,45058,US,2/14/2025 16:57
170,108 Christian Causeway,950,Miami,41178,US,2/14/2025 16:57
171,768 Ivan Square,69936,New York,86666,US,2/14/2025 16:57
172,8581 Thomas Pines,677,New York,57017,US,2/14/2025 16:57
173,660 Brianna Shore,861,Miami,93400,US,2/14/2025 16:57
174,2969 Carter Plains,9913,New York,50002,US,2/14/2025 16:57
175,306 Joshua Ford,433,Lima,72142,Peru,2/14/2025 16:57
176,9571 Hayes Circle,15838,Seattle,28157,US,2/14/2025 16:57
177,98854 Hale Forest Apt. 389,6399,Seattle,37508,US,2/14/2025 16:57
178,276 Jared Spring,43528,Miami,43791,US,2/14/2025 16:57
179,257 John Harbors,555,Buenos Aires,30602,Argentina,2/14/2025 16:57
180,49970 Stewart Highway Apt. 431,596,New York,79610,US,2/14/2025 16:57
181,54145 Lisa River,0598,Miami,13335,US,2/14/2025 16:57
182,954 Wiley Camp,05355,Miami,80646,US,2/14/2025 16:57
183,27113 Colleen Lake Apt. 815,6640,New York,98195,US,2/14/2025 16:57
184,89686 Christy Shores Apt. 493,9665,Miami,07737,US,2/14/2025 16:57
185,75564 Tyrone Port Apt. 395,8797,Buenos Aires,26261,Argentina,2/14/2025 16:57
186,083 Joshua Cliff Suite 118,30350,New York,86591,US,2/14/2025 16:57
187,587 Raymond Path,480,Lima,80671,Peru,2/14/2025 16:57
188,46643 Dixon Squares Suite 371,709,Miami,67752,US,2/14/2025 16:57
189,56879 Matthew Tunnel,5310,New York,68566,US,2/14/2025 16:57
190,29141 Jason Cove Suite 545,53884,New York,71403,US,2/14/2025 16:57
191,31968 Fernandez Road,30547,Lima,14927,Peru,2/14/2025 16:57
192,498 Laura Green,098,Lima,54998,Peru,2/14/2025 16:57
193,174 Joshua Junctions,076,Lima,40251,Peru,2/14/2025 16:57
194,1150 Floyd Extension,254,Lima,90946,Peru,2/14/2025 16:57
195,3880 Julie Place Suite 437,1885,Miami,02560,US,2/14/2025 16:57
196,60752 English Unions,6036,New York,91694,US,2/14/2025 16:57
197,960 Day Place Suite 223,6846,Miami,69539,US,2/14/2025 16:57
198,73813 Mary Station Suite 466,63035,Buenos Aires,08248,Argentina,2/14/2025 16:57
199,5098 Sosa Square Apt. 032,824,New York,81936,US,2/14/2025 16:57
200,5211 Kimberly Plain Suite 058,5815,Lima,81033,Peru,2/14/2025 16:57
201,15482 Cynthia Shoal Apt. 328,966,New York,52019,US,2/14/2025 16:57
202,60684 Fleming Village,812,Seattle,70733,US,2/14/2025 16:57
203,98730 Valerie Ranch Suite 393,89719,New York,71078,US,2/14/2025 16:57
204,15798 Schultz Mills,988,Seattle,09847,US,2/14/2025 16:57
205,0759 Danny Pass Apt. 617,103,New York,61508,US,2/14/2025 16:57
206,093 William Village,77338,New York,84816,US,2/14/2025 16:57
207,26449 Harrison Ranch,63164,New York,48515,US,2/14/2025 16:57
208,36317 Castro Hills,723,New York,80056,US,2/14/2025 16:57
209,7256 Scott Fords Suite 849,948,Miami,84062,US,2/14/2025 16:57
210,349 Douglas Crescent,8863,New York,03773,US,2/14/2025 16:57
211,0032 Daniel Extension Suite 895,5197,New York,33074,US,2/14/2025 16:57
212,5861 James Lock Apt. 109,8797,Lima,20439,Peru,2/14/2025 16:57
213,2962 Weaver Bypass,0380,New York,55989,US,2/14/2025 16:57
214,572 Shawn Valleys,894,New York,53317,US,2/14/2025 16:57
215,68521 Brown Island,866,Lima,77263,Peru,2/14/2025 16:57
216,49993 Roberts Unions,83013,Lima,68924,Peru,2/14/2025 16:57
217,925 Samantha Passage Suite 891,841,New York,25358,US,2/14/2025 16:57
218,853 Hines Brook Suite 472,822,Miami,63200,US,2/14/2025 16:57
219,13169 Singleton Springs,5237,Lima,66043,Peru,2/14/2025 16:57
220,62690 Ryan Loaf,14040,Miami,48613,US,2/14/2025 16:57
221,722 Mary Common,54716,New York,04941,US,2/14/2025 16:57
222,54639 Donald Turnpike,809,Seattle,29789,US,2/14/2025 16:57
223,86966 Powell Manors Apt. 229,32903,Miami,60168,US,2/14/2025 16:57
224,289 Ray Branch Suite 631,9836,New York,54540,US,2/14/2025 16:57
225,566 Campbell Fall,77732,New York,42444,US,2/14/2025 16:57
226,37993 Lisa Shoal,9272,Miami,22902,US,2/14/2025 16:57
227,86263 Rebekah Passage Suite 458,406,New York,06630,US,2/14/2025 16:57
228,6082 Johnson Isle,85006,Miami,73752,US,2/14/2025 16:57
229,8340 Jordan Orchard,995,Lima,27966,Peru,2/14/2025 16:57
230,231 Ryan Union,94712,New York,38001,US,2/14/2025 16:57
231,3616 Gerald Isle Apt. 389,94850,Lima,75932,Peru,2/14/2025 16:57
232,64490 Smith Tunnel,184,Miami,55803,US,2/14/2025 16:57
233,8511 Horn Locks,96534,Buenos Aires,89410,Argentina,2/14/2025 16:57
234,02239 Boyd Rapids Suite 371,01413,Lima,28322,Peru,2/14/2025 16:57
235,489 Carrie Ferry Apt. 362,86362,New York,93286,US,2/14/2025 16:57
236,5399 Holloway Crescent Apt. 415,10478,New York,38479,US,2/14/2025 16:57
237,45502 Smith Brooks Suite 374,5326,Buenos Aires,76939,Argentina,2/14/2025 16:57
238,40336 Bridget Grove Apt. 279,250,Lima,67751,Peru,2/14/2025 16:57
239,0574 Judy Wells Apt. 661,19127,Lima,31115,Peru,2/14/2025 16:57
240,57670 Freeman Run Apt. 100,481,Miami,58423,US,2/14/2025 16:57
241,48364 Flores Harbors,9486,Lima,05546,Peru,2/14/2025 16:57
242,216 Rivera Isle,8221,Miami,07233,US,2/14/2025 16:57
243,4092 Larson Forge Suite 024,18174,Lima,56729,Peru,2/14/2025 16:57
244,03559 Adkins Ridge,849,Lima,31419,Peru,2/14/2025 16:57
245,83287 Miller Radial Suite 568,7201,Seattle,90121,US,2/14/2025 16:57
246,909 Brown Summit,382,Lima,29936,Peru,2/14/2025 16:57
247,2134 Carlos Ridges,9413,Miami,91383,US,2/14/2025 16:57
248,52925 Cook Summit Apt. 569,848,Miami,91717,US,2/14/2025 16:57
249,881 Jackson Road Suite 470,717,Seattle,52658,US,2/14/2025 16:57
250,572 Reynolds Trace Apt. 428,3267,Seattle,95257,US,2/14/2025 16:57
251,17691 Casey Pass Suite 998,63282,Seattle,95410,US,2/14/2025 16:57
252,9359 Scott Walk,079,Miami,56248,US,2/14/2025 16:57
253,28072 Ralph Turnpike Suite 561,95387,New York,28404,US,2/14/2025 16:57
254,6582 White Plains,20332,Buenos Aires,71989,Argentina,2/14/2025 16:57
255,1320 Medina Square,0820,Seattle,67922,US,2/14/2025 16:57
256,9519 Ariana Glens Apt. 561,4000,Miami,49857,US,2/14/2025 16:57
257,180 Kimberly Meadow Apt. 663,316,Miami,57008,US,2/14/2025 16:57
258,987 Doyle Walks Apt. 598,396,Buenos Aires,69584,Argentina,2/14/2025 16:57
259,9610 Jennifer Locks Apt. 698,9758,Lima,75936,Peru,2/14/2025 16:57
260,1798 Sullivan Springs Apt. 996,355,Buenos Aires,95954,Argentina,2/14/2025 16:57
261,333 Kristi Fields Suite 143,5977,New York,54213,US,2/14/2025 16:57
262,0647 Ross Key Apt. 629,02944,Miami,31725,US,2/14/2025 16:57
263,861 Walters Ranch Apt. 396,1855,Buenos Aires,16944,Argentina,2/14/2025 16:57
264,28505 Lee Hill Suite 889,9177,New York,75238,US,2/14/2025 16:57
265,6656 Obrien Mountains,33551,New York,59255,US,2/14/2025 16:57
266,73538 Jerry Well,38542,New York,68232,US,2/14/2025 16:57
267,655 Parrish Camp Suite 410,9683,Miami,42318,US,2/14/2025 16:57
268,975 Michelle Brook Suite 240,904,Miami,07369,US,2/14/2025 16:57
269,456 Lopez Turnpike Suite 218,296,New York,02722,US,2/14/2025 16:57
270,368 Evans Turnpike,4570,Miami,55256,US,2/14/2025 16:57
271,9592 Fischer Rapid Suite 187,4346,Buenos Aires,33567,Argentina,2/14/2025 16:57
272,4925 Elizabeth Shoal Suite 850,867,New York,63414,US,2/14/2025 16:57
273,12480 Michelle Plains Apt. 775,5312,Miami,91790,US,2/14/2025 16:57
274,8291 Jenna Mountain,3771,Lima,85567,Peru,2/14/2025 16:57
275,1004 Avila Center Suite 148,9523,Lima,75212,Peru,2/14/2025 16:57
276,2990 Warren Mountain,5075,New York,25899,US,2/14/2025 16:57
277,538 Brown Point Apt. 616,078,New York,84357,US,2/14/2025 16:57
278,3188 Michael Path Suite 529,67676,New York,78034,US,2/14/2025 16:57
279,8005 Sean Highway,1464,Miami,95658,US,2/14/2025 16:57
280,09253 Chandler Courts Suite 495,6886,Lima,40494,Peru,2/14/2025 16:57
281,713 Laura Flat Apt. 434,9056,Lima,97643,Peru,2/14/2025 16:57
282,644 Lawson Forest,2672,Miami,84797,US,2/14/2025 16:57
283,4354 Montgomery Walk Suite 101,5640,New York,76814,US,2/14/2025 16:57
284,147 Corey Stravenue,78433,Lima,57645,Peru,2/14/2025 16:57
285,89745 Craig Fords Apt. 428,840,Miami,54534,US,2/14/2025 16:57
286,84459 Martinez Manors Apt. 265,825,New York,90201,US,2/14/2025 16:57
287,258 Moody Drive Apt. 118,99927,New York,14579,US,2/14/2025 16:57
288,43803 Francis Harbors,41349,Lima,60859,Peru,2/14/2025 16:57
289,3277 Taylor Station,97630,Lima,18924,Peru,2/14/2025 16:57
290,6595 Patrick Freeway Apt. 638,2824,New York,36717,US,2/14/2025 16:57
291,0277 Lewis Path,862,New York,12749,US,2/14/2025 16:57
292,516 Jeffery Spur,6773,Buenos Aires,04293,Argentina,2/14/2025 16:57
293,6129 Pamela Village Apt. 129,911,New York,50539,US,2/14/2025 16:57
294,6689 Jennifer Valleys,978,Lima,15605,Peru,2/14/2025 16:57
295,404 Beasley Stravenue Apt. 629,961,Miami,94241,US,2/14/2025 16:57
296,31790 Ibarra Wall Apt. 222,63047,New York,13232,US,2/14/2025 16:57
297,111 Serrano Valleys,0256,Lima,29809,Peru,2/14/2025 16:57
298,60844 Francisco Passage Suite 744,7293,New York,27601,US,2/14/2025 16:57
299,26434 Jamie Mall,690,New York,12273,US,2/14/2025 16:57
300,9254 Lisa Crossroad Suite 315,83088,Miami,93809,US,2/14/2025 16:57
301,90158 Franco Burg,4295,New York,11534,US,2/14/2025 16:57
302,754 Matthew Lock,7569,Miami,19307,US,2/14/2025 16:57
303,661 Walker Station Suite 580,2789,Seattle,65358,US,2/14/2025 16:57
304,26967 Cole Skyway,807,Miami,59538,US,2/14/2025 16:57
305,681 Heather Stravenue Apt. 309,41676,Miami,22475,US,2/14/2025 16:57
306,2605 Jessica Fork Apt. 118,2620,Buenos Aires,01179,Argentina,2/14/2025 16:57
307,8688 Christine Lakes Apt. 052,8032,New York,11693,US,2/14/2025 16:57
308,12487 Mitchell Key Suite 064,185,Lima,97111,Peru,2/14/2025 16:57
309,406 Garrett Ramp Apt. 642,21946,Buenos Aires,56527,Argentina,2/14/2025 16:57
310,807 Jennifer Bridge,492,New York,59545,US,2/14/2025 16:57
311,5658 Denise Keys,214,Lima,39994,Peru,2/14/2025 16:57
312,26353 Soto Junctions Suite 204,678,New York,46835,US,2/14/2025 16:57
313,517 Mack Cliff,20869,Miami,45400,US,2/14/2025 16:57
314,8655 Jeremiah Villages,11791,Seattle,04123,US,2/14/2025 16:57
315,6613 Castillo Pass,513,New York,84280,US,2/14/2025 16:57
316,238 Gibson Island Apt. 648,1165,New York,12581,US,2/14/2025 16:57
317,68199 Antonio Squares,43407,New York,74299,US,2/14/2025 16:57
318,30225 Kelsey Passage Suite 196,089,New York,95396,US,2/14/2025 16:57
319,1347 Christian Junctions,332,New York,83836,US,2/14/2025 16:57
320,0486 Collins Road,112,Miami,90951,US,2/14/2025 16:57
321,962 Pamela Alley,36599,Miami,05470,US,2/14/2025 16:57
322,608 Spencer Curve Suite 176,626,Buenos Aires,70281,Argentina,2/14/2025 16:57
323,9289 Anthony Crossroad Apt. 305,7782,Seattle,52997,US,2/14/2025 16:57
324,7003 Cassandra Divide Apt. 325,864,Lima,32112,Peru,2/14/2025 16:57
325,1265 Hines Mount Suite 398,3831,New York,08114,US,2/14/2025 16:57
326,553 Courtney Valleys Suite 653,38238,Miami,18586,US,2/14/2025 16:57
327,4517 Katherine Harbors Suite 438,28125,Miami,80936,US,2/14/2025 16:57
328,651 Javier Coves,440,New York,92743,US,2/14/2025 16:57
329,04359 Michael Mission Apt. 418,1407,Miami,49626,US,2/14/2025 16:57
330,0872 Amanda Loop Suite 573,09632,Miami,69944,US,2/14/2025 16:57
331,1993 Jessica Stream Apt. 622,3938,Seattle,55090,US,2/14/2025 16:57
332,91344 Wright Knolls Suite 707,54773,Buenos Aires,37966,Argentina,2/14/2025 16:57
333,1227 Tina Park,2037,Miami,65881,US,2/14/2025 16:57
334,2358 Velez Radial,183,Lima,81063,Peru,2/14/2025 16:57
335,53176 Baker Route,769,Seattle,68846,US,2/14/2025 16:57
336,002 Donald Parkway Apt. 164,36416,Lima,07646,Peru,2/14/2025 16:57
337,90406 Jennifer Pike,940,Miami,25835,US,2/14/2025 16:57
338,163 Keller Neck Suite 721,844,New York,78859,US,2/14/2025 16:57
339,3838 Brown Corner,505,New York,36574,US,2/14/2025 16:57
340,60105 Kenneth Forges Apt. 441,89294,Buenos Aires,06453,Argentina,2/14/2025 16:57
341,42967 Peterson Ridges,78833,Miami,34003,US,2/14/2025 16:57
342,4224 Mary Wells Suite 846,125,New York,68770,US,2/14/2025 16:57
343,91818 Shaffer Rue Apt. 278,478,Seattle,92528,US,2/14/2025 16:57
344,67684 Sheri Cove,352,Lima,27623,Peru,2/14/2025 16:57
345,8346 Connie Forge,013,Buenos Aires,89647,Argentina,2/14/2025 16:57
346,6314 Taylor Overpass,831,Lima,39917,Peru,2/14/2025 16:57
347,220 Wang Groves,417,Lima,64132,Peru,2/14/2025 16:57
348,23011 Ray Freeway,809,Miami,59053,US,2/14/2025 16:57
349,549 Wilcox Dale,4247,Buenos Aires,05788,Argentina,2/14/2025 16:57
350,54938 Burns Inlet,2454,New York,07035,US,2/14/2025 16:57
351,4890 Scott Shoals,9366,New York,25062,US,2/14/2025 16:57
352,06423 Thompson Points,7596,Miami,48957,US,2/14/2025 16:57
353,419 Bryan Terrace Suite 874,846,Buenos Aires,73152,Argentina,2/14/2025 16:57
354,5146 Joshua Glens,45880,Miami,46710,US,2/14/2025 16:57
355,2315 Jennifer Club,9873,New York,03554,US,2/14/2025 16:57
356,84347 Megan Plains,327,Lima,81690,Peru,2/14/2025 16:57
357,1407 Mckinney Club,30514,Lima,98600,Peru,2/14/2025 16:57
358,371 Daniels Courts Apt. 346,076,New York,87588,US,2/14/2025 16:57
359,7697 Benson Brook Suite 091,06943,New York,94752,US,2/14/2025 16:57
360,366 William Avenue Suite 577,42945,Lima,48180,Peru,2/14/2025 16:57
361,4806 Parker Park Suite 547,225,New York,49845,US,2/14/2025 16:57
362,529 Huber Row,886,Lima,81439,Peru,2/14/2025 16:57
363,627 Macdonald Causeway Apt. 910,52109,Miami,25977,US,2/14/2025 16:57
364,550 Kimberly Gateway,727,Lima,14865,Peru,2/14/2025 16:57
365,668 Taylor Creek,716,Lima,91207,Peru,2/14/2025 16:57
366,71089 Melissa Freeway,016,Seattle,68467,US,2/14/2025 16:57
367,912 Cheyenne Tunnel,0497,New York,89002,US,2/14/2025 16:57
368,70672 Clinton Unions,5571,Miami,28677,US,2/14/2025 16:57
369,97643 Lisa Forks,06150,New York,06747,US,2/14/2025 16:57
370,6461 Paula Plaza Apt. 692,56912,Seattle,79789,US,2/14/2025 16:57
371,9463 Jenkins Tunnel Suite 379,4038,Miami,53528,US,2/14/2025 16:57
372,0622 Maria Avenue,36219,New York,57970,US,2/14/2025 16:57
373,002 Nelson Wall Apt. 738,4616,Miami,12244,US,2/14/2025 16:57
374,1481 Brittany Roads,447,New York,73242,US,2/14/2025 16:57
375,35318 Clark Inlet Suite 645,48060,Lima,92910,Peru,2/14/2025 16:57
376,4896 Mark Turnpike Suite 139,0103,New York,13671,US,2/14/2025 16:57
377,4814 Sherri Shore Suite 497,1317,Miami,23753,US,2/14/2025 16:57
378,280 Jennifer Flats,669,Lima,04580,Peru,2/14/2025 16:57
379,65052 Ross Station,59907,Lima,31662,Peru,2/14/2025 16:57
380,031 Jennifer Island,835,Lima,10992,Peru,2/14/2025 16:57
381,83897 Adams Mills Suite 153,48637,Lima,45289,Peru,2/14/2025 16:57
382,650 Jacob Lodge,9598,New York,46673,US,2/14/2025 16:57
383,0321 Oliver Spur,74216,New York,93394,US,2/14/2025 16:57
384,633 Joel Alley Suite 486,5572,Buenos Aires,88549,Argentina,2/14/2025 16:57
385,6904 Lewis Ferry Suite 694,3734,Lima,94736,Peru,2/14/2025 16:57
386,8696 Lindsey Views Suite 154,25209,New York,22285,US,2/14/2025 16:57
387,338 William Point,4591,Miami,96744,US,2/14/2025 16:57
388,676 Douglas Roads Apt. 010,74480,Buenos Aires,60961,Argentina,2/14/2025 16:57
389,5217 Carter Village,20766,New York,96961,US,2/14/2025 16:57
390,696 Hall Rapid Apt. 935,593,New York,50078,US,2/14/2025 16:57
391,37688 King Villages,83762,Seattle,21232,US,2/14/2025 16:57
392,576 Bruce Stravenue Suite 516,842,Lima,35291,Peru,2/14/2025 16:57
393,402 Jones Causeway,58992,Buenos Aires,25134,Argentina,2/14/2025 16:57
394,27407 Reyes Summit,94230,Lima,81672,Peru,2/14/2025 16:57
395,646 Courtney Course Suite 459,0275,Seattle,65328,US,2/14/2025 16:57
396,85200 Patton Cape,84252,New York,49021,US,2/14/2025 16:57
397,46099 Jennifer Field Apt. 596,5634,New York,33594,US,2/14/2025 16:57
398,94907 Morris Heights,513,New York,08763,US,2/14/2025 16:57
399,9830 Williams Prairie Apt. 650,7086,New York,72260,US,2/14/2025 16:57
400,62195 Ramirez Points Suite 527,596,Seattle,10950,US,2/14/2025 16:57
401,6645 Julie Forge,9435,New York,86904,US,2/14/2025 16:57
402,9760 Shelton Walks,554,Buenos Aires,40060,Argentina,2/14/2025 16:57
403,048 Rodriguez Ferry Suite 284,21057,Lima,52698,Peru,2/14/2025 16:57
404,757 William Gardens,42001,New York,74750,US,2/14/2025 16:57
405,77492 Brian Highway Suite 155,787,Buenos Aires,75600,Argentina,2/14/2025 16:57
406,086 Barron Cliff Apt. 846,1042,New York,69735,US,2/14/2025 16:57
407,77473 Wells Passage,8975,Lima,88835,Peru,2/14/2025 16:57
408,918 Jordan Falls Apt. 019,727,New York,92765,US,2/14/2025 16:57
409,62073 Rodriguez Crossing,91713,Miami,32093,US,2/14/2025 16:57
410,39734 Mayo Springs Apt. 846,1329,Lima,80761,Peru,2/14/2025 16:57
411,8273 Hawkins Mountains Apt. 180,39092,Buenos Aires,32341,Argentina,2/14/2025 16:57
412,73384 Ashley Circle Suite 261,09616,New York,68939,US,2/14/2025 16:57
413,8985 Robert Corners Suite 437,381,Seattle,95123,US,2/14/2025 16:57
414,34599 Michael Island,0958,Miami,62196,US,2/14/2025 16:57
415,525 John Port,9989,New York,05422,US,2/14/2025 16:57
416,9006 Vicki Via Apt. 454,306,New York,77354,US,2/14/2025 16:57
417,046 White Mountain Suite 576,441,Miami,61129,US,2/14/2025 16:57
418,3878 Hatfield Spurs Suite 334,80386,Buenos Aires,48743,Argentina,2/14/2025 16:57
419,959 Alyssa Springs Apt. 194,476,New York,63910,US,2/14/2025 16:57
420,4642 Rebecca Lane,5475,New York,79177,US,2/14/2025 16:57
421,9173 Wilson Streets,24171,Miami,78112,US,2/14/2025 16:57
422,7367 Linda Shore Apt. 480,850,Miami,51698,US,2/14/2025 16:57
423,51459 Barry Lane,4005,Miami,89901,US,2/14/2025 16:57
424,0653 Rodriguez Village Apt. 485,949,Buenos Aires,27405,Argentina,2/14/2025 16:57
425,9800 Gonzales Summit,746,Lima,39088,Peru,2/14/2025 16:57
426,8210 Brooks Plaza Suite 259,168,Seattle,67563,US,2/14/2025 16:57
427,658 Martinez Port,270,Seattle,99243,US,2/14/2025 16:57
428,4870 Riley Alley Apt. 456,800,New York,77763,US,2/14/2025 16:57
429,109 Scott Skyway Suite 817,9704,Miami,10440,US,2/14/2025 16:57
430,99084 Farrell Center Suite 703,94871,Miami,52251,US,2/14/2025 16:57
431,506 Moore Cove,019,New York,16778,US,2/14/2025 16:57
432,1022 Dixon Valleys Apt. 898,0545,Lima,07186,Peru,2/14/2025 16:57
433,914 Joshua Corner Suite 782,43126,New York,89409,US,2/14/2025 16:57
434,6952 Collins Fort,212,Miami,32484,US,2/14/2025 16:57
435,1445 Daniel Extension Apt. 545,698,Miami,93198,US,2/14/2025 16:57
436,420 Maxwell Track,133,Miami,12813,US,2/14/2025 16:57
437,95690 Ryan Neck,9608,Lima,93897,Peru,2/14/2025 16:57
438,9849 Angela Terrace Apt. 446,02855,Buenos Aires,95643,Argentina,2/14/2025 16:57
439,92123 Haynes Freeway,99281,New York,03138,US,2/14/2025 16:57
440,619 Hudson Summit,1656,Lima,76563,Peru,2/14/2025 16:57
441,26396 Velasquez Mills,840,New York,96637,US,2/14/2025 16:57
442,116 Robin Drives,75710,Lima,57316,Peru,2/14/2025 16:57
443,58485 Phillip Knolls,2691,Miami,76954,US,2/14/2025 16:57
444,342 Todd Summit Suite 822,1479,Buenos Aires,85530,Argentina,2/14/2025 16:57
445,4622 Jose Pines,41377,Buenos Aires,88372,Argentina,2/14/2025 16:57
446,34424 Carlson Turnpike Apt. 691,542,Seattle,55769,US,2/14/2025 16:57
447,17776 Owens Brooks Suite 682,7797,New York,67178,US,2/14/2025 16:57
448,874 Leach Burg Suite 091,1386,Miami,57521,US,2/14/2025 16:57
449,7521 Lisa Avenue,9025,Miami,37729,US,2/14/2025 16:57
450,7674 Waller Glen,903,Buenos Aires,18570,Argentina,2/14/2025 16:57
451,353 Williams Lane,8087,Lima,86910,Peru,2/14/2025 16:57
452,7937 Cortez Estate,6268,New York,08884,US,2/14/2025 16:57
453,232 Ashley Underpass,33553,Miami,72452,US,2/14/2025 16:57
454,2625 Davis Tunnel Suite 699,0533,New York,18808,US,2/14/2025 16:57
455,1970 Erin Crossing,74604,New York,02036,US,2/14/2025 16:57
456,93481 Brown Grove,15791,Buenos Aires,23146,Argentina,2/14/2025 16:57
457,42125 Potts Junctions Apt. 600,8432,Lima,66942,Peru,2/14/2025 16:57
458,407 Douglas Islands Apt. 523,157,Seattle,90194,US,2/14/2025 16:57
459,04343 William Expressway,7733,Miami,20037,US,2/14/2025 16:57
460,2891 Murphy Radial,496,New York,97245,US,2/14/2025 16:57
461,3846 Oliver Harbor,115,Lima,32502,Peru,2/14/2025 16:57
462,7021 Bradley Viaduct,5499,Seattle,47244,US,2/14/2025 16:57
463,323 Anna Groves,5719,Lima,80367,Peru,2/14/2025 16:57
464,6077 Smith Forges Apt. 628,19549,Lima,85105,Peru,2/14/2025 16:57
465,9483 Timothy Stravenue Apt. 032,986,Buenos Aires,85074,Argentina,2/14/2025 16:57
466,606 Wright Village,440,Miami,59912,US,2/14/2025 16:57
467,55326 Steve Centers Apt. 060,10761,New York,93678,US,2/14/2025 16:57
468,153 Thomas Extension Suite 012,5880,New York,09233,US,2/14/2025 16:57
469,1593 Jennifer Falls,8036,Seattle,37545,US,2/14/2025 16:57
470,7315 Preston Manor Suite 469,3747,Miami,12883,US,2/14/2025 16:57
471,892 Lewis Fall,35782,New York,80517,US,2/14/2025 16:57
472,34292 Fox Club,866,Lima,37558,Peru,2/14/2025 16:57
473,05003 Ross Point,012,Miami,07937,US,2/14/2025 16:57
474,275 Warren Gardens Apt. 564,172,Buenos Aires,13349,Argentina,2/14/2025 16:57
475,20104 Nguyen Views Suite 021,40839,Seattle,26216,US,2/14/2025 16:57
476,191 Michael Manors,96114,New York,55412,US,2/14/2025 16:57
477,00642 Lambert Greens Apt. 190,74650,New York,99429,US,2/14/2025 16:57
478,7178 Mills Trafficway,18937,Lima,81845,Peru,2/14/2025 16:57
479,03366 Horne Fords,70472,Miami,11847,US,2/14/2025 16:57
480,1039 Carlos Fall,3332,Miami,09163,US,2/14/2025 16:57
481,264 Caleb Springs,54343,Seattle,73925,US,2/14/2025 16:57
482,65291 Herman Course,464,Miami,66134,US,2/14/2025 16:57
483,5027 Jerry Islands Suite 947,01689,Seattle,72376,US,2/14/2025 16:57
484,81926 Shah Spring,624,New York,12809,US,2/14/2025 16:57
485,95489 Samuel Skyway,336,Seattle,55597,US,2/14/2025 16:57
486,5873 John Mission,714,Lima,22271,Peru,2/14/2025 16:57
487,39346 Clark Haven Suite 121,466,Lima,86519,Peru,2/14/2025 16:57
488,6242 Taylor Mount Suite 449,8438,New York,44575,US,2/14/2025 16:57
489,59243 Richard Ports Apt. 987,974,Miami,15819,US,2/14/2025 16:57
490,20850 Bailey Passage,94350,New York,64608,US,2/14/2025 16:57
491,49712 Dennis Inlet,2121,New York,88877,US,2/14/2025 16:57
492,398 Fernandez Cliffs Suite 781,418,New York,13455,US,2/14/2025 16:57
493,58565 Jimenez Forks,2874,New York,87486,US,2/14/2025 16:57
494,72545 Robert View,79170,New York,99293,US,2/14/2025 16:57
495,635 Mcdonald Grove Apt. 800,8855,Miami,57499,US,2/14/2025 16:57
496,20702 Rowe Wells,491,Lima,72975,Peru,2/14/2025 16:57
497,1633 Brown Drive Suite 416,1034,New York,66673,US,2/14/2025 16:57
498,85903 Brown Cape Apt. 986,979,Buenos Aires,76116,Argentina,2/14/2025 16:57
499,286 Brown Green,426,Seattle,53229,US,2/14/2025 16:57
500,55948 James Plains Suite 278,5635,New York,46743,US,2/14/2025 16:57
501,52057 Thomas Ville,07634,Miami,81071,US,2/14/2025 16:57
502,532 Sanchez Mission,60731,Buenos Aires,14914,Argentina,2/14/2025 16:57
503,745 Myers Club,935,Buenos Aires,91915,Argentina,2/14/2025 16:57
504,2345 Howard Squares,664,Seattle,91996,US,2/14/2025 16:57
505,8868 Jason Falls Suite 128,540,New York,96515,US,2/14/2025 16:57
506,7259 Stephanie Cove Apt. 438,020,Lima,56747,Peru,2/14/2025 16:57
507,340 Drake Lock Apt. 613,14891,Buenos Aires,27225,Argentina,2/14/2025 16:57
508,315 Banks Village Apt. 842,9735,Lima,08509,Peru,2/14/2025 16:57
509,6524 Ann Forges,38487,Buenos Aires,35760,Argentina,2/14/2025 16:57
510,6925 Alison Lake,35796,Lima,95939,Peru,2/14/2025 16:57
511,19515 Hannah Underpass,29526,Miami,10769,US,2/14/2025 16:57
512,6625 Michael Port Suite 292,305,Buenos Aires,24764,Argentina,2/14/2025 16:57
513,3752 Wright Plains,940,Miami,46071,US,2/14/2025 16:57
514,047 Lacey Bypass Suite 258,8489,Seattle,52587,US,2/14/2025 16:57
515,54331 Steven Mission Apt. 900,16338,Seattle,83517,US,2/14/2025 16:57
516,6160 Ian Camp,4081,Lima,50078,Peru,2/14/2025 16:57
517,81150 Amanda Cove,113,New York,17842,US,2/14/2025 16:57
518,54775 Perry Tunnel Apt. 350,0946,Miami,73928,US,2/14/2025 16:57
519,8584 Allen Port,802,Miami,44754,US,2/14/2025 16:57
520,2701 Wright Brooks Apt. 826,49061,Buenos Aires,92223,Argentina,2/14/2025 16:57
521,53637 Michael Spurs Apt. 832,5809,Lima,67565,Peru,2/14/2025 16:57
522,80984 Carmen Ferry Suite 966,25749,Lima,82858,Peru,2/14/2025 16:57
523,2391 Kelly Mountain Suite 003,30752,New York,84725,US,2/14/2025 16:57
524,61834 Mckay Radial Suite 173,663,New York,09660,US,2/14/2025 16:57
525,798 Levine Stream Suite 361,0237,New York,75699,US,2/14/2025 16:57
526,1052 Black Hills Apt. 824,65102,Miami,27062,US,2/14/2025 16:57
527,8278 Kyle Lakes,915,New York,07806,US,2/14/2025 16:57
528,311 John Gateway,68408,New York,71751,US,2/14/2025 16:57
529,1950 Linda Drive Apt. 640,1514,Lima,21901,Peru,2/14/2025 16:57
530,247 Keith Prairie,004,Lima,70813,Peru,2/14/2025 16:57
531,0067 Barrett Street,6172,Lima,72874,Peru,2/14/2025 16:57
532,596 Jessica Inlet,4836,New York,33969,US,2/14/2025 16:57
533,014 Daniel Underpass Apt. 898,42583,Miami,47949,US,2/14/2025 16:57
534,9488 Henry Ferry Apt. 297,2391,Lima,97334,Peru,2/14/2025 16:57
535,23718 Barbara Grove Suite 351,8342,New York,90763,US,2/14/2025 16:57
536,5711 Davis Coves Apt. 422,5007,New York,59837,US,2/14/2025 16:57
537,912 Tanner Roads,0870,New York,84557,US,2/14/2025 16:57
538,4148 Gonzalez Track Suite 322,0556,Seattle,75718,US,2/14/2025 16:57
539,601 Abigail Locks Suite 473,766,Seattle,35691,US,2/14/2025 16:57
540,773 Rush Spur,38982,Buenos Aires,68290,Argentina,2/14/2025 16:57
541,70106 Kelly Drive Suite 972,908,Seattle,76066,US,2/14/2025 16:57
542,2112 Regina Village,6964,Lima,23730,Peru,2/14/2025 16:57
543,16918 Black Junction Suite 269,47192,Miami,78140,US,2/14/2025 16:57
544,12673 Mason Streets,4401,New York,70703,US,2/14/2025 16:57
545,05441 Rebecca Run,756,New York,62521,US,2/14/2025 16:57
546,6563 Amber Fields,252,Buenos Aires,52217,Argentina,2/14/2025 16:57
547,1005 Mark Park Apt. 831,363,New York,68309,US,2/14/2025 16:57
548,2767 Anthony Creek Apt. 331,8137,Seattle,86430,US,2/14/2025 16:57
549,717 Ellen Squares Suite 762,59130,New York,63186,US,2/14/2025 16:57
550,57966 Christopher Prairie Suite 869,36893,New York,37019,US,2/14/2025 16:57
551,708 Kristen Prairie Apt. 664,93931,Miami,47314,US,2/14/2025 16:57
552,10040 Andrew Flat,960,Lima,65136,Peru,2/14/2025 16:57
553,29047 Hull Mountain,793,Lima,42191,Peru,2/14/2025 16:57
554,30285 Palmer Spring,997,Lima,76580,Peru,2/14/2025 16:57
555,0842 Darryl Branch Apt. 120,644,Seattle,87581,US,2/14/2025 16:57
556,7659 Boyd Lights Apt. 558,63869,Miami,42503,US,2/14/2025 16:57
557,7590 John Burg Suite 574,6394,Lima,29573,Peru,2/14/2025 16:57
558,6810 Lamb Green,4737,Seattle,17821,US,2/14/2025 16:57
559,127 Timothy Summit,388,Lima,51389,Peru,2/14/2025 16:57
560,65604 Ellis Common Apt. 275,8707,Miami,91537,US,2/14/2025 16:57
561,76873 Diana Mountain,30856,New York,11018,US,2/14/2025 16:57
562,006 Murphy Common,4963,Lima,92752,Peru,2/14/2025 16:57
563,773 Debra Landing,86842,Miami,75786,US,2/14/2025 16:57
564,856 Powell Courts Apt. 921,268,Miami,40942,US,2/14/2025 16:57
565,526 Owens Rapid,3284,Buenos Aires,86127,Argentina,2/14/2025 16:57
566,600 Fuller Inlet Suite 731,30644,Seattle,27816,US,2/14/2025 16:57
567,235 Wilson Burgs Suite 153,2267,Miami,79795,US,2/14/2025 16:57
568,5018 Amanda Orchard Apt. 935,32958,Lima,34316,Peru,2/14/2025 16:57
569,67527 Fields Fork Apt. 046,09424,New York,16177,US,2/14/2025 16:57
570,035 Richardson Inlet,903,Buenos Aires,39356,Argentina,2/14/2025 16:57
571,2512 Mooney Tunnel,621,New York,66055,US,2/14/2025 16:57
572,436 Amy Summit Suite 349,1302,Miami,94406,US,2/14/2025 16:57
573,769 Williams Coves,5013,New York,80876,US,2/14/2025 16:57
574,3566 Leonard Street,769,New York,42872,US,2/14/2025 16:57
575,7545 Schneider Plains Apt. 974,1137,Miami,76079,US,2/14/2025 16:57
576,7291 Catherine Meadow Suite 467,99952,Seattle,08567,US,2/14/2025 16:57
577,2920 Rhonda Pines Suite 608,5298,New York,06876,US,2/14/2025 16:57
578,287 Larson Avenue,63454,Buenos Aires,08761,Argentina,2/14/2025 16:57
579,1168 Garcia Causeway,294,New York,66909,US,2/14/2025 16:57
580,171 James Lakes,1705,New York,07638,US,2/14/2025 16:57
581,27842 Patricia Creek,86585,Seattle,43821,US,2/14/2025 16:57
582,1763 Freeman Heights,34338,Lima,48553,Peru,2/14/2025 16:57
583,536 Elizabeth Rest,031,Lima,76745,Peru,2/14/2025 16:57
584,3151 Patel Hill,07507,Lima,33018,Peru,2/14/2025 16:57
585,335 Conner Divide Apt. 471,6636,Miami,22308,US,2/14/2025 16:57
586,9045 Rebecca Ranch,32855,Miami,14025,US,2/14/2025 16:57
587,421 Jones Glen,8123,New York,05940,US,2/14/2025 16:57
588,21448 Kaitlyn Stravenue,4289,Lima,28902,Peru,2/14/2025 16:57
589,84477 Tiffany Avenue,8693,Lima,07290,Peru,2/14/2025 16:57
590,4447 Mary Mall,914,New York,48435,US,2/14/2025 16:57
591,1374 Taylor Knoll,1391,Buenos Aires,39304,Argentina,2/14/2025 16:57
592,58076 Samantha Rapids Apt. 948,1793,Seattle,98095,US,2/14/2025 16:57
593,0277 Sarah Ville,5989,Lima,60551,Peru,2/14/2025 16:57
594,6671 Day Locks Apt. 302,68613,Miami,52712,US,2/14/2025 16:57
595,178 Pamela Junctions Apt. 024,33769,Miami,86238,US,2/14/2025 16:57
596,33075 Julie Lakes Apt. 866,7566,Miami,03337,US,2/14/2025 16:57
597,2531 Brown Alley,873,Seattle,28679,US,2/14/2025 16:57
598,99965 Jennifer Coves,9815,Seattle,27996,US,2/14/2025 16:57
599,70895 Brandi Park Apt. 773,862,Lima,47814,Peru,2/14/2025 16:57
600,644 Warren Parkway Suite 214,316,New York,03992,US,2/14/2025 16:57
601,5656 Oscar Turnpike,09359,Seattle,67082,US,2/14/2025 16:57
602,21494 Rebecca Plain Apt. 229,60100,New York,16464,US,2/14/2025 16:57
603,965 Thomas Vista,01459,Seattle,62935,US,2/14/2025 16:57
604,8082 Berry Station Apt. 120,02930,New York,89584,US,2/14/2025 16:57
605,78433 Gray Bypass,943,Miami,83422,US,2/14/2025 16:57
606,58279 Shelly Extension Suite 115,169,Lima,37059,Peru,2/14/2025 16:57
607,958 Kelly Plaza,291,Miami,88493,US,2/14/2025 16:57
608,7012 Leslie Port,65523,Buenos Aires,69394,Argentina,2/14/2025 16:57
609,303 Ibarra Cove,78846,New York,91023,US,2/14/2025 16:57
610,176 Hunter View Suite 884,0135,New York,40701,US,2/14/2025 16:57
611,5310 Dawn Gateway Suite 768,2614,Buenos Aires,92085,Argentina,2/14/2025 16:57
612,1478 Robin Island Apt. 331,709,New York,66741,US,2/14/2025 16:57
613,73603 Dawn Hills Suite 698,70273,New York,71264,US,2/14/2025 16:57
614,1168 Mayo Plaza Suite 032,533,Lima,38184,Peru,2/14/2025 16:57
615,78775 Lewis Viaduct Suite 193,2840,Lima,39720,Peru,2/14/2025 16:57
616,41789 Jonathan Inlet,240,New York,57256,US,2/14/2025 16:57
617,8935 Christopher Key,3041,Buenos Aires,91742,Argentina,2/14/2025 16:57
618,506 King Meadow Suite 331,92375,Buenos Aires,37719,Argentina,2/14/2025 16:57
619,814 Martin Cliff Apt. 153,740,Miami,93473,US,2/14/2025 16:57
620,750 Mejia Wells,415,New York,57507,US,2/14/2025 16:57
621,30254 Lynn Summit,22945,New York,87384,US,2/14/2025 16:57
622,8955 Pena Alley,6394,Lima,38304,Peru,2/14/2025 16:57
623,368 Veronica Springs,520,Lima,34763,Peru,2/14/2025 16:57
624,48864 Hall Light,996,New York,65385,US,2/14/2025 16:57
625,45835 John Fork,94567,Lima,98125,Peru,2/14/2025 16:57
626,01201 Hernandez Estates,8962,New York,48506,US,2/14/2025 16:57
627,67847 Tina Passage,1843,Lima,16664,Peru,2/14/2025 16:57
628,47867 Ramos Spurs Apt. 509,1011,Miami,28126,US,2/14/2025 16:57
629,312 Green Common Suite 270,46539,Seattle,28661,US,2/14/2025 16:57
630,936 Vargas Circle Apt. 669,30399,New York,92610,US,2/14/2025 16:57
631,37510 Knox Wells Suite 104,7522,Miami,28813,US,2/14/2025 16:57
632,78608 Michael Creek,56314,New York,53103,US,2/14/2025 16:57
633,48652 Thomas Meadows Apt. 437,16487,Lima,53176,Peru,2/14/2025 16:57
634,923 Michael Orchard Apt. 354,640,Lima,65720,Peru,2/14/2025 16:57
635,82045 Garcia Path,8916,Lima,28113,Peru,2/14/2025 16:57
636,7130 Gilbert Meadows,57312,Lima,16033,Peru,2/14/2025 16:57
637,1424 Joanne Junctions Suite 505,037,Buenos Aires,06378,Argentina,2/14/2025 16:57
638,992 Cannon Brooks,20866,Lima,61655,Peru,2/14/2025 16:57
639,7733 Hannah Streets,7363,New York,97756,US,2/14/2025 16:57
640,9560 Julie Throughway,342,Seattle,66115,US,2/14/2025 16:57
641,52456 Deborah Rapid,5860,Seattle,52790,US,2/14/2025 16:57
642,86426 Ann Curve,245,New York,23284,US,2/14/2025 16:57
643,480 Melissa Hollow Suite 961,214,Buenos Aires,72193,Argentina,2/14/2025 16:57
644,912 Allison Rapids,0030,New York,71239,US,2/14/2025 16:57
645,147 Erica Rue,64633,Seattle,21197,US,2/14/2025 16:57
646,5362 Deanna Forges Suite 637,53842,Miami,64684,US,2/14/2025 16:57
647,78281 Christopher Avenue Apt. 449,919,Lima,36186,Peru,2/14/2025 16:57
648,3314 Glenn Keys Apt. 302,53956,Buenos Aires,62087,Argentina,2/14/2025 16:57
649,8182 Victoria Mountain,8847,Buenos Aires,88336,Argentina,2/14/2025 16:57
650,62162 Courtney Flat,601,Lima,47348,Peru,2/14/2025 16:57
651,6845 Montgomery Haven,5506,Miami,52617,US,2/14/2025 16:57
652,373 Patrick Locks Suite 748,2888,New York,00504,US,2/14/2025 16:57
653,2345 Ashley Mills,4813,Lima,30860,Peru,2/14/2025 16:57
654,0455 Hughes Mountain Apt. 679,6680,Lima,45074,Peru,2/14/2025 16:57
655,7560 Pena Stravenue,46011,New York,51499,US,2/14/2025 16:57
656,14480 Yolanda Route Suite 303,1796,Lima,66728,Peru,2/14/2025 16:57
657,8968 Chan Terrace,59562,Seattle,56368,US,2/14/2025 16:57
658,4942 Robin Hill,89488,Buenos Aires,28922,Argentina,2/14/2025 16:57
659,16849 Jessica Walks Apt. 339,442,Miami,08599,US,2/14/2025 16:57
660,7597 Brown Radial,794,Miami,06356,US,2/14/2025 16:57
661,102 Thomas Hollow,80638,Lima,62725,Peru,2/14/2025 16:57
662,0222 Jennifer Crest Suite 061,3954,Miami,07535,US,2/14/2025 16:57
663,5155 Anthony Forges Suite 539,3683,Lima,68911,Peru,2/14/2025 16:57
664,49279 Davis Crescent,99907,New York,25545,US,2/14/2025 16:57
665,13272 Hart Roads,43666,New York,38994,US,2/14/2025 16:57
666,39527 Saunders Fort,817,Buenos Aires,99464,Argentina,2/14/2025 16:57
667,97566 Pamela Drive,9625,Lima,65905,Peru,2/14/2025 16:57
668,957 Lin Wells,07280,New York,87401,US,2/14/2025 16:57
669,66478 Nathan Passage,0390,Miami,53733,US,2/14/2025 16:57
670,76080 Wilson Lodge Apt. 843,17345,Miami,98012,US,2/14/2025 16:57
671,53652 Dennis Shoal,15142,New York,69362,US,2/14/2025 16:57
672,882 Donald Stream,56904,Miami,63578,US,2/14/2025 16:57
673,0142 Timothy Branch,968,Miami,07499,US,2/14/2025 16:57
674,467 Maria Dale,35375,Buenos Aires,51788,Argentina,2/14/2025 16:57
675,4867 Walker River,95553,Seattle,55365,US,2/14/2025 16:57
676,069 Bradley Extension Suite 396,941,New York,56819,US,2/14/2025 16:57
677,7235 Jenna Ports Apt. 514,4650,Miami,38751,US,2/14/2025 16:57
678,090 Briana Island,073,Miami,58805,US,2/14/2025 16:57
679,0184 Wood Grove,99507,Miami,28555,US,2/14/2025 16:57
680,02888 Louis Branch,0439,Miami,28108,US,2/14/2025 16:57
681,0430 Martinez Plaza,7780,New York,43266,US,2/14/2025 16:57
682,9185 Chambers Springs Apt. 115,6679,Seattle,54023,US,2/14/2025 16:57
683,99506 Jacobs Locks Apt. 385,2417,Miami,87901,US,2/14/2025 16:57
684,7128 Kimberly Locks,0859,Lima,05438,Peru,2/14/2025 16:57
685,33458 Rodney Expressway Suite 718,9334,Miami,32634,US,2/14/2025 16:57
686,568 Johnston Roads,7757,New York,38915,US,2/14/2025 16:57
687,3729 Mario Parkways Apt. 731,89348,Seattle,64821,US,2/14/2025 16:57
688,6020 Chavez Points Apt. 992,7253,New York,26352,US,2/14/2025 16:57
689,5338 Obrien Prairie Apt. 130,5135,New York,29458,US,2/14/2025 16:57
690,97064 Veronica Drive,06079,New York,91607,US,2/14/2025 16:57
691,26379 Sarah Mills,5376,Miami,32196,US,2/14/2025 16:57
692,1542 Davis Lane,899,New York,65242,US,2/14/2025 16:57
693,23928 Clark Prairie,9085,Seattle,49485,US,2/14/2025 16:57
694,7532 Brenda Trail,3395,Buenos Aires,52214,Argentina,2/14/2025 16:57
695,079 Harris Vista,63235,Miami,47547,US,2/14/2025 16:57
696,799 Perry Stream,5165,Seattle,01669,US,2/14/2025 16:57
697,2366 Huff Valley Apt. 844,88172,New York,65031,US,2/14/2025 16:57
698,102 Williams Rue,4233,Miami,87220,US,2/14/2025 16:57
699,1501 Monica Viaduct,8205,Miami,78376,US,2/14/2025 16:57
700,910 Morris Trail,81341,New York,89943,US,2/14/2025 16:57
701,90747 Eric Stream,80261,Miami,46280,US,2/14/2025 16:57
702,871 Robert Locks,20601,New York,71702,US,2/14/2025 16:57
703,880 Ingram Shores,16501,New York,79005,US,2/14/2025 16:57
704,1594 Jennifer Stream Suite 450,885,Lima,89369,Peru,2/14/2025 16:57
705,070 Bradley Centers Apt. 911,155,Miami,95610,US,2/14/2025 16:57
706,6284 Christensen Port Suite 732,562,Miami,62662,US,2/14/2025 16:57
707,339 Barrett Center,5387,Buenos Aires,75997,Argentina,2/14/2025 16:57
708,618 Russell Isle,6552,New York,29471,US,2/14/2025 16:57
709,88201 Clark Roads,313,New York,28080,US,2/14/2025 16:57
710,90288 Hall Haven,225,Miami,15894,US,2/14/2025 16:57
711,97530 Brandon Lodge,91298,New York,84731,US,2/14/2025 16:57
712,6195 Amy Summit Suite 660,42405,Lima,97066,Peru,2/14/2025 16:57
713,384 Nelson Light,6028,Seattle,02612,US,2/14/2025 16:57
714,58822 Andrew Fall,2551,Buenos Aires,32160,Argentina,2/14/2025 16:57
715,48809 Mcdowell Turnpike,9478,New York,54429,US,2/14/2025 16:57
716,327 Jennifer Manors,36706,New York,36357,US,2/14/2025 16:57
717,405 Johnson Drive Apt. 438,81715,Lima,11657,Peru,2/14/2025 16:57
718,8629 Lauren Landing Suite 774,53415,Miami,80345,US,2/14/2025 16:57
719,90138 Carolyn Village,8748,New York,35866,US,2/14/2025 16:57
720,8455 Hess Lake,732,New York,15438,US,2/14/2025 16:57
721,358 Walker Falls,24079,Lima,71231,Peru,2/14/2025 16:57
722,43216 Smith Via,392,Buenos Aires,95836,Argentina,2/14/2025 16:57
723,217 Castillo Mews,494,Buenos Aires,79745,Argentina,2/14/2025 16:57
724,7178 Murphy Well Suite 263,80990,Miami,81644,US,2/14/2025 16:57
725,74636 Kelly Forest,373,Lima,24172,Peru,2/14/2025 16:57
726,3282 Roberts Tunnel,41922,New York,60525,US,2/14/2025 16:57
727,202 Anderson Forges,7761,Seattle,68512,US,2/14/2025 16:57
728,92284 Garcia Parkway Suite 367,042,Lima,89518,Peru,2/14/2025 16:57
729,763 Davis Haven,73539,New York,63877,US,2/14/2025 16:57
730,236 Johnson Canyon,3038,New York,81839,US,2/14/2025 16:57
731,6217 Walker Trafficway Suite 701,7015,New York,06266,US,2/14/2025 16:57
732,45636 Hughes Island,09079,Lima,39762,Peru,2/14/2025 16:57
733,86369 Navarro Expressway Apt. 951,672,Seattle,76089,US,2/14/2025 16:57
734,3379 Ariel Gardens,2608,Miami,73166,US,2/14/2025 16:57
735,24310 Ray Plaza,610,Miami,91343,US,2/14/2025 16:57
736,8722 Terri Underpass Apt. 471,55931,Miami,89768,US,2/14/2025 16:57
737,789 Miller Glens,4171,Seattle,01535,US,2/14/2025 16:57
738,73423 Rangel Isle,11931,Miami,94489,US,2/14/2025 16:57
739,61016 Elizabeth Turnpike Apt. 832,28031,New York,14812,US,2/14/2025 16:57
740,1814 Greene Lakes Apt. 689,1845,New York,73762,US,2/14/2025 16:57
741,722 Roy Via Suite 479,1105,Lima,48590,Peru,2/14/2025 16:57
742,4076 Pierce Pike Apt. 696,55455,Lima,53919,Peru,2/14/2025 16:57
743,851 Evan Forks,2073,Buenos Aires,87371,Argentina,2/14/2025 16:57
744,5225 Lawrence Parkway Suite 924,73308,New York,76577,US,2/14/2025 16:57
745,84239 Leah Field,8141,New York,92205,US,2/14/2025 16:57
746,73450 Miller Cape,3742,Lima,31123,Peru,2/14/2025 16:57
747,9804 Ryan Mission Suite 546,0856,Miami,70313,US,2/14/2025 16:57
748,65662 Claire Walk,89289,New York,35428,US,2/14/2025 16:57
749,818 Wright Manor Apt. 703,363,New York,76226,US,2/14/2025 16:57
750,6962 Lisa Fall Suite 143,31853,Lima,98212,Peru,2/14/2025 16:57
751,0144 Mallory Walk,09104,Buenos Aires,09854,Argentina,2/14/2025 16:57
752,73452 Williams Mountain,3966,Lima,03815,Peru,2/14/2025 16:57
753,623 Jonathan Bridge,655,Buenos Aires,56731,Argentina,2/14/2025 16:57
754,9855 Dixon Extension Suite 247,53277,Miami,47676,US,2/14/2025 16:57
755,1647 Steven Shore Apt. 198,261,Lima,19297,Peru,2/14/2025 16:57
756,4387 Murray Roads Suite 231,90249,Lima,52999,Peru,2/14/2025 16:57
757,935 Robert Walks,6894,New York,05119,US,2/14/2025 16:57
758,120 Murray Brooks Suite 460,874,Miami,53325,US,2/14/2025 16:57
759,983 Ruiz Camp Suite 243,65135,Buenos Aires,97925,Argentina,2/14/2025 16:57
760,7159 Noble Mission Apt. 223,534,Miami,67797,US,2/14/2025 16:57
761,94914 Benson Union Apt. 716,22056,New York,42105,US,2/14/2025 16:57
762,0698 Amanda Crescent Suite 476,2100,New York,11533,US,2/14/2025 16:57
763,3210 Ronald Pine,022,Miami,11230,US,2/14/2025 16:57
764,0674 Fitzpatrick Corners,3764,New York,42778,US,2/14/2025 16:57
765,201 Lopez Stream,68647,New York,17946,US,2/14/2025 16:57
766,9044 Watts Park Apt. 935,2012,Lima,85329,Peru,2/14/2025 16:57
767,927 Johnson Prairie Suite 131,052,Miami,64719,US,2/14/2025 16:57
768,19667 Davenport Club Suite 696,1600,Buenos Aires,60323,Argentina,2/14/2025 16:57
769,43982 Elizabeth Motorway Suite 308,6138,New York,49772,US,2/14/2025 16:57
770,21503 Robert Cliffs,455,New York,36797,US,2/14/2025 16:57
771,7848 Robert Dale,4188,Miami,82909,US,2/14/2025 16:57
772,0571 Andrew Causeway Suite 132,7721,Miami,97236,US,2/14/2025 16:57
773,7415 Collier Run Suite 184,3950,Seattle,12771,US,2/14/2025 16:57
774,2245 Hines Mountain Suite 776,063,New York,30825,US,2/14/2025 16:57
775,112 Stewart Rapids Apt. 036,074,Miami,17174,US,2/14/2025 16:57
776,970 Weber Hills,4375,Miami,21548,US,2/14/2025 16:57
777,133 Hensley Unions,61165,Lima,89897,Peru,2/14/2025 16:57
778,651 Samantha Stravenue,440,Miami,45741,US,2/14/2025 16:57
779,2858 Willis Valleys,14945,Miami,71220,US,2/14/2025 16:57
780,9118 James Glens Apt. 738,6581,Miami,05485,US,2/14/2025 16:57
781,9442 Melanie Lane Apt. 695,838,New York,70323,US,2/14/2025 16:57
782,28221 James Point,1246,Lima,59813,Peru,2/14/2025 16:57
783,848 Schwartz Rue Suite 852,839,New York,12648,US,2/14/2025 16:57
784,27110 Gomez Shores,36610,Miami,04024,US,2/14/2025 16:57
785,92582 Jeffrey Corners,572,New York,76324,US,2/14/2025 16:57
786,3522 Dawn Streets Apt. 616,10922,New York,98172,US,2/14/2025 16:57
787,85065 Karen Parks,510,Miami,09218,US,2/14/2025 16:57
788,289 Leah Trail,7215,Seattle,04812,US,2/14/2025 16:57
789,3226 John Center,28549,Miami,44353,US,2/14/2025 16:57
790,1109 Jamie Lodge Apt. 318,594,Miami,12963,US,2/14/2025 16:57
791,6103 Johnson Meadows Apt. 266,924,Buenos Aires,75785,Argentina,2/14/2025 16:57
792,995 James Radial Apt. 884,434,Miami,35376,US,2/14/2025 16:57
793,6565 Horne Shore Apt. 481,6662,Lima,05072,Peru,2/14/2025 16:57
794,1522 Donald Point,697,Lima,63775,Peru,2/14/2025 16:57
795,9658 Alexander Radial,1249,Buenos Aires,74152,Argentina,2/14/2025 16:57
796,78951 Karen Estates Suite 778,4504,Lima,73566,Peru,2/14/2025 16:57
797,2430 Lawrence Park Suite 630,83315,Miami,14073,US,2/14/2025 16:57
798,974 Jensen Pines Apt. 388,83606,Miami,89083,US,2/14/2025 16:57
799,808 Fuller Course Suite 589,80207,Miami,70400,US,2/14/2025 16:57
800,948 Calderon View Suite 325,25507,New York,56511,US,2/14/2025 16:57
801,65263 Armstrong Parkways,279,New York,44078,US,2/14/2025 16:57
802,378 Farley Crescent Suite 563,685,Lima,05068,Peru,2/14/2025 16:57
803,0799 Eaton Villages,6357,New York,44061,US,2/14/2025 16:57
804,231 Johnson Junctions,393,Lima,14825,Peru,2/14/2025 16:57
805,6285 Ramirez Islands Apt. 042,335,Miami,64497,US,2/14/2025 16:57
806,196 King Gateway,50899,Lima,63675,Peru,2/14/2025 16:57
807,739 Jeremy Port Apt. 989,006,Lima,68697,Peru,2/14/2025 16:57
808,45518 Matthew Orchard Suite 539,8950,New York,33713,US,2/14/2025 16:57
809,9738 Denise Crescent Suite 637,51631,Miami,01434,US,2/14/2025 16:57
810,397 Stanley Greens Apt. 718,7441,Miami,12696,US,2/14/2025 16:57
811,247 Beth Streets Apt. 244,52362,New York,82504,US,2/14/2025 16:57
812,3114 Ronald Forks,376,Lima,68340,Peru,2/14/2025 16:57
813,7129 Mercedes Parkways Apt. 777,203,New York,29785,US,2/14/2025 16:57
814,1212 Natalie Shoals Suite 013,18918,New York,31346,US,2/14/2025 16:57
815,0615 Berg Mill,1252,Miami,01391,US,2/14/2025 16:57
816,4396 Anna Light,08059,Miami,76382,US,2/14/2025 16:57
817,630 Torres Neck,59673,Buenos Aires,81070,Argentina,2/14/2025 16:57
818,63271 Cody Circles Suite 534,71240,Lima,29924,Peru,2/14/2025 16:57
819,9577 Jose Port Apt. 829,720,Seattle,69060,US,2/14/2025 16:57
820,5715 Ellison Lights Suite 885,043,Miami,96286,US,2/14/2025 16:57
821,6500 Rhonda Port,9063,Miami,40191,US,2/14/2025 16:57
822,449 Stephanie Pine Apt. 023,836,Lima,12484,Peru,2/14/2025 16:57
823,90329 Alejandro Prairie Suite 664,0408,Buenos Aires,30718,Argentina,2/14/2025 16:57
824,5924 Franklin Gateway,91300,Seattle,37783,US,2/14/2025 16:57
825,23421 Davis Valleys,7114,New York,41152,US,2/14/2025 16:57
826,017 Lisa Canyon Suite 527,761,Lima,65333,Peru,2/14/2025 16:57
827,1754 Emma Freeway Apt. 519,8190,Lima,27357,Peru,2/14/2025 16:57
828,8330 Allen Ford Apt. 130,16541,Lima,52362,Peru,2/14/2025 16:57
829,1243 Dana Streets,0064,Miami,75765,US,2/14/2025 16:57
830,90692 Jonathan Gardens Suite 125,70561,New York,34852,US,2/14/2025 16:57
831,559 Mcclure Circle,44279,New York,11274,US,2/14/2025 16:57
832,101 Sanchez Squares Apt. 267,078,Lima,58018,Peru,2/14/2025 16:57
833,49136 Katherine Estates,56977,New York,80492,US,2/14/2025 16:57
834,224 Laura Fort,089,Buenos Aires,92197,Argentina,2/14/2025 16:57
835,4034 Small Green Suite 206,101,Lima,14158,Peru,2/14/2025 16:57
836,16102 Wood Hollow,095,Buenos Aires,86057,Argentina,2/14/2025 16:57
837,535 Richard Ridges Apt. 766,76687,Buenos Aires,71628,Argentina,2/14/2025 16:57
838,5078 Kathleen Canyon,2430,Lima,77727,Peru,2/14/2025 16:57
839,07375 Shannon Trail,7710,Seattle,31279,US,2/14/2025 16:57
840,1995 Ross Court,483,Seattle,28297,US,2/14/2025 16:57
841,4826 Brandy Gateway,25495,Lima,34948,Peru,2/14/2025 16:57
842,4375 Tracey Brooks Apt. 527,30898,Buenos Aires,12026,Argentina,2/14/2025 16:57
843,76916 Matthew Wall Apt. 234,989,Miami,96364,US,2/14/2025 16:57
844,02071 Derek Parkways Suite 510,716,New York,87453,US,2/14/2025 16:57
845,6789 Patel Lodge Suite 691,83661,New York,77100,US,2/14/2025 16:57
846,8641 Butler Drives,17857,New York,90474,US,2/14/2025 16:57
847,648 Timothy Valleys Apt. 802,712,Lima,69786,Peru,2/14/2025 16:57
848,8741 Michelle Ferry,00687,New York,59636,US,2/14/2025 16:57
849,9414 Mary Knolls Apt. 214,909,Seattle,81362,US,2/14/2025 16:57
850,9222 Tyler Glen,2355,Seattle,64479,US,2/14/2025 16:57
851,1473 Brian Center Suite 713,200,New York,07559,US,2/14/2025 16:57
852,844 Powell Forest,663,Miami,40484,US,2/14/2025 16:57
853,782 Johns Greens Apt. 215,6333,Buenos Aires,23270,Argentina,2/14/2025 16:57
854,352 Chloe Courts Apt. 585,3658,Lima,75600,Peru,2/14/2025 16:57
855,23131 Brown Crescent,507,Seattle,32122,US,2/14/2025 16:57
856,1002 Gabrielle Walk Apt. 948,50760,Lima,23151,Peru,2/14/2025 16:57
857,1602 Steve River,73678,Miami,54674,US,2/14/2025 16:57
858,000 Wilson Mountains Suite 182,306,Lima,72300,Peru,2/14/2025 16:57
859,2002 Odonnell Prairie,112,Miami,76673,US,2/14/2025 16:57
860,94158 Koch Drive Suite 197,05969,New York,66794,US,2/14/2025 16:57
861,2476 Turner Squares,68601,New York,81019,US,2/14/2025 16:57
862,187 Mason Isle,1095,New York,81840,US,2/14/2025 16:57
863,47193 Jessica Burg Apt. 798,9399,New York,94823,US,2/14/2025 16:57
864,382 Angela Prairie,15951,Miami,06823,US,2/14/2025 16:57
865,88448 Vaughn Cove Suite 824,4546,Lima,44460,Peru,2/14/2025 16:57
866,6309 Haas Village Apt. 965,4179,New York,91984,US,2/14/2025 16:57
867,091 Jenkins Park Suite 211,0434,Lima,28172,Peru,2/14/2025 16:57
868,7376 Graham Mount Apt. 038,594,Buenos Aires,90666,Argentina,2/14/2025 16:57
869,19830 Craig Lodge,3257,New York,89572,US,2/14/2025 16:57
870,15059 Miller Knoll,3577,Buenos Aires,04010,Argentina,2/14/2025 16:57
871,029 Olson Inlet,60153,New York,82219,US,2/14/2025 16:57
872,081 Mary Valley Suite 144,874,New York,00585,US,2/14/2025 16:57
873,0254 Landry Rapid Suite 975,1352,Seattle,83589,US,2/14/2025 16:57
874,12064 Colon Garden Apt. 298,80233,Seattle,10422,US,2/14/2025 16:57
875,684 Johnson Trail Suite 066,149,Buenos Aires,30014,Argentina,2/14/2025 16:57
876,33664 Amanda Corners Suite 194,30549,Miami,49575,US,2/14/2025 16:57
877,6424 Snyder Ferry Suite 780,54673,Seattle,47099,US,2/14/2025 16:57
878,61492 Lynn Greens,317,Buenos Aires,30726,Argentina,2/14/2025 16:57
879,771 Sara Ridge,31913,Lima,27172,Peru,2/14/2025 16:57
880,23134 Hensley Locks,3764,Lima,50209,Peru,2/14/2025 16:57
881,5774 Davis Street,7841,Seattle,07710,US,2/14/2025 16:57
882,41094 Macdonald Knoll Apt. 172,4791,Lima,53304,Peru,2/14/2025 16:57
883,02628 Raven Mount,587,New York,50775,US,2/14/2025 16:57
884,821 Gonzalez Islands Suite 935,06993,Miami,07918,US,2/14/2025 16:57
885,95115 Jerry Junctions Suite 316,8267,Miami,54081,US,2/14/2025 16:57
886,25147 Lee Fields,3456,Lima,78666,Peru,2/14/2025 16:57
887,1008 Griffin Orchard,6265,New York,88179,US,2/14/2025 16:57
888,4764 Baker Squares Apt. 356,9378,Buenos Aires,02721,Argentina,2/14/2025 16:57
889,8787 Banks Pass Apt. 089,57705,Miami,44811,US,2/14/2025 16:57
890,5306 Oconnor Wells Suite 723,790,Seattle,66972,US,2/14/2025 16:57
891,2761 Huff Course,35520,Buenos Aires,05512,Argentina,2/14/2025 16:57
892,77801 Briana Estate,787,Seattle,47642,US,2/14/2025 16:57
893,10818 Melissa Passage Suite 025,30624,Lima,07928,Peru,2/14/2025 16:57
894,9150 Victoria Key Apt. 240,02970,Buenos Aires,47928,Argentina,2/14/2025 16:57
895,7183 Curtis Fork,17790,Miami,08804,US,2/14/2025 16:57
896,791 Green Pine,54247,New York,12331,US,2/14/2025 16:57
897,729 Laura Creek,90895,New York,82889,US,2/14/2025 16:57
898,77107 Watts Rue Apt. 512,231,Lima,88121,Peru,2/14/2025 16:57
899,4903 Sarah Ports,73783,New York,68549,US,2/14/2025 16:57
900,648 Brooks Trail Suite 593,728,Miami,13980,US,2/14/2025 16:57
901,37469 Sexton Manor Apt. 535,818,Miami,15132,US,2/14/2025 16:57
902,5899 Patricia Rapids Apt. 136,80509,New York,01773,US,2/14/2025 16:57
903,7154 Chambers Forest,376,Buenos Aires,22046,Argentina,2/14/2025 16:57
904,853 Baldwin Grove Suite 765,769,Buenos Aires,08458,Argentina,2/14/2025 16:57
905,343 Jones Gateway,2195,New York,43804,US,2/14/2025 16:57
906,408 Douglas View,3467,Lima,54107,Peru,2/14/2025 16:57
907,44561 Sarah Spur,869,New York,95974,US,2/14/2025 16:57
908,524 Kathleen Mill Apt. 179,17473,New York,76622,US,2/14/2025 16:57
909,146 King Shore,1941,Miami,26721,US,2/14/2025 16:57
910,047 Chad Station,68386,New York,21149,US,2/14/2025 16:57
911,76452 Lauren Unions,4725,New York,32097,US,2/14/2025 16:57
912,8783 Brandon Tunnel Suite 005,98039,New York,77574,US,2/14/2025 16:57
913,76506 Morales Spurs Suite 478,585,Miami,04777,US,2/14/2025 16:57
914,30207 Ward Spur,3215,Lima,52402,Peru,2/14/2025 16:57
915,7976 Austin Lakes,7914,Buenos Aires,45750,Argentina,2/14/2025 16:57
916,82738 Warner Inlet,1242,Lima,40755,Peru,2/14/2025 16:57
917,28653 James Gardens Suite 172,7643,Miami,80115,US,2/14/2025 16:57
918,054 Kristi Forest Suite 229,0349,Lima,15062,Peru,2/14/2025 16:57
919,153 Kimberly Roads,696,Buenos Aires,26823,Argentina,2/14/2025 16:57
920,11473 Nicholas Fords Apt. 713,38932,Miami,51915,US,2/14/2025 16:57
921,2712 Rowe Row Apt. 894,4288,Lima,71941,Peru,2/14/2025 16:57
922,04757 Robert Ridges,21942,Lima,77266,Peru,2/14/2025 16:57
923,1750 Beard Pass Suite 422,1965,Seattle,02597,US,2/14/2025 16:57
924,59441 Barnes Port,7980,Miami,95821,US,2/14/2025 16:57
925,6773 Lopez Extensions,840,Buenos Aires,60141,Argentina,2/14/2025 16:57
926,736 Potter Rapid,9852,New York,56964,US,2/14/2025 16:57
927,4059 Reyes Motorway,02705,Lima,91222,Peru,2/14/2025 16:57
928,3848 Jesus Cove Apt. 813,45128,Seattle,90983,US,2/14/2025 16:57
929,956 Kaitlyn Camp Apt. 475,617,New York,44923,US,2/14/2025 16:57
930,76318 Kendra Way,801,Buenos Aires,64643,Argentina,2/14/2025 16:57
931,421 Jennifer Mews,0335,Seattle,99581,US,2/14/2025 16:57
932,85704 Cox Ramp,8618,New York,92237,US,2/14/2025 16:57
933,998 Soto Points Suite 239,71324,Seattle,11562,US,2/14/2025 16:57
934,780 Steven Gardens,57457,New York,73104,US,2/14/2025 16:57
935,060 Golden Lodge Suite 719,439,Miami,17201,US,2/14/2025 16:57
936,505 Allison Isle,9005,Lima,69610,Peru,2/14/2025 16:57
937,424 Michael Circle,964,Miami,35319,US,2/14/2025 16:57
938,60440 Sarah Mill Apt. 477,5216,Lima,70152,Peru,2/14/2025 16:57
939,641 Rebecca Street Suite 468,6456,Miami,28028,US,2/14/2025 16:57
940,87328 Brad Ranch,4686,Miami,98448,US,2/14/2025 16:57
941,297 Mejia Mountains Apt. 561,896,Miami,70183,US,2/14/2025 16:57
942,31678 Shannon Estate,86657,Miami,59372,US,2/14/2025 16:57
943,09471 Amanda Row,169,New York,41979,US,2/14/2025 16:57
944,123 Jeanne Row Suite 177,942,New York,81504,US,2/14/2025 16:57
945,123 Serrano Union Suite 180,158,New York,15406,US,2/14/2025 16:57
946,0646 Harper Stravenue,93497,Miami,31036,US,2/14/2025 16:57
947,30473 Brooke Glen Suite 042,4899,Miami,32518,US,2/14/2025 16:57
948,84171 Angela Terrace,629,Buenos Aires,10898,Argentina,2/14/2025 16:57
949,3664 Donna Lodge Suite 589,7443,Buenos Aires,37202,Argentina,2/14/2025 16:57
950,2366 Holland Crossroad,010,Buenos Aires,00690,Argentina,2/14/2025 16:57
951,07161 Kendra Junction Apt. 709,1148,Buenos Aires,37492,Argentina,2/14/2025 16:57
952,3953 Rhonda Pines Apt. 704,02814,New York,73096,US,2/14/2025 16:57
953,393 Rodney Lodge,17325,Buenos Aires,93845,Argentina,2/14/2025 16:57
954,4253 Tamara Throughway,3876,New York,59548,US,2/14/2025 16:57
955,59761 Morris River Suite 667,0413,New York,59346,US,2/14/2025 16:57
956,01434 Wilson Burg,66495,Lima,56080,Peru,2/14/2025 16:57
957,380 Julian Lock,48418,Seattle,52056,US,2/14/2025 16:57
958,838 Miller Ridges,21249,Miami,97769,US,2/14/2025 16:57
959,27572 Matthew Track,0498,Seattle,51422,US,2/14/2025 16:57
960,5115 Sergio Fields,86162,Miami,21139,US,2/14/2025 16:57
961,25361 Hogan Prairie,263,Seattle,07352,US,2/14/2025 16:57
962,2673 Klein Station,8625,New York,31973,US,2/14/2025 16:57
963,44298 John Rest Suite 587,98164,Miami,59577,US,2/14/2025 16:57
964,8986 White Junctions,52175,Miami,41261,US,2/14/2025 16:57
965,492 Dean Mills,995,New York,69474,US,2/14/2025 16:57
966,0030 Lee Alley,44821,New York,11550,US,2/14/2025 16:57
967,1896 Clark Courts Suite 032,39792,New York,82397,US,2/14/2025 16:57
968,2200 Brandon Canyon,2626,Miami,01937,US,2/14/2025 16:57
969,5284 Weber Ferry,5751,New York,86059,US,2/14/2025 16:57
970,518 Wood Circles Apt. 572,5659,Lima,05544,Peru,2/14/2025 16:57
971,6112 Gonzales Views Apt. 908,7857,Miami,82979,US,2/14/2025 16:57
972,13870 Mike Bridge,2854,Seattle,30546,US,2/14/2025 16:57
973,3949 Salazar Pine,465,Lima,35003,Peru,2/14/2025 16:57
974,7323 Robert Greens Apt. 601,71965,New York,57408,US,2/14/2025 16:57
975,76546 Linda Alley Apt. 263,4282,New York,51063,US,2/14/2025 16:57
976,4109 Lloyd Orchard,651,Seattle,12434,US,2/14/2025 16:57
977,459 John Parks,54692,Miami,41667,US,2/14/2025 16:57
978,380 Ashley Gardens Suite 505,58026,Lima,67550,Peru,2/14/2025 16:57
979,75124 Gabrielle Inlet Suite 269,23035,Seattle,36591,US,2/14/2025 16:57
980,31687 Michael Stream,0288,Buenos Aires,56110,Argentina,2/14/2025 16:57
981,577 Rebecca Meadows,6724,Seattle,24485,US,2/14/2025 16:57
982,9000 Wade Crossroad Suite 866,887,Miami,53258,US,2/14/2025 16:57
983,0395 Andre Mount Apt. 792,664,Lima,80752,Peru,2/14/2025 16:57
984,899 Ortiz Road,8519,New York,59644,US,2/14/2025 16:57
985,040 Angela Glen Suite 725,84301,Seattle,68432,US,2/14/2025 16:57
986,05107 Cynthia Tunnel,41023,Miami,31419,US,2/14/2025 16:57
987,14555 Diana Club Apt. 044,260,New York,61348,US,2/14/2025 16:57
988,913 Jackson Isle Suite 635,558,Miami,87292,US,2/14/2025 16:57
989,6770 William Estates Apt. 055,36047,Lima,83443,Peru,2/14/2025 16:57
990,255 Kevin Walks,63210,Buenos Aires,70979,Argentina,2/14/2025 16:57
991,52890 Smith Spurs Apt. 529,532,Seattle,19655,US,2/14/2025 16:57
992,474 Gina Circles,32161,New York,47198,US,2/14/2025 16:57
993,7396 Sanders Place Apt. 403,01139,Lima,52698,Peru,2/14/2025 16:57
994,587 John Port,265,Lima,40639,Peru,2/14/2025 16:57
995,717 Christopher Canyon,828,New York,71273,US,2/14/2025 16:57
996,26131 Roach River,1403,Lima,97657,Peru,2/14/2025 16:57
997,195 John Squares,96123,Miami,02432,US,2/14/2025 16:57
998,71103 Garcia Flats,63997,New York,86622,US,2/14/2025 16:57
999,489 Christopher Squares,577,New York,27884,US,2/14/2025 16:57
1000,7628 Kenneth Light,1738,Miami,04980,US,2/14/2025 16:57
1001,4143 Savannah Viaduct,67538,Seattle,69480,US,2/14/2025 16:57
1002,4442 Mary Estates,09111,Miami,45554,US,2/14/2025 16:57
1003,96987 Rodriguez Street Apt. 867,7883,Buenos Aires,69928,Argentina,2/14/2025 16:57
1004,41820 Roberson Tunnel Apt. 754,54568,Miami,52335,US,2/14/2025 16:57
1005,81213 Beth Village Apt. 895,629,Lima,92717,Peru,2/14/2025 16:57
1006,786 Leon Burgs Suite 378,03239,New York,99932,US,2/14/2025 16:57
1007,559 Brandi Gardens,838,Buenos Aires,09161,Argentina,2/14/2025 16:57
1008,0259 Hicks Route Apt. 155,8652,New York,36242,US,2/14/2025 16:57
1009,89934 Murphy Island Apt. 343,0484,New York,36182,US,2/14/2025 16:57
1010,87140 Morris Fall Suite 423,590,Lima,62567,Peru,2/14/2025 16:57
1011,8631 Christopher Wall Suite 236,98033,Lima,53778,Peru,2/14/2025 16:57
1012,4905 John Fork,6324,New York,03464,US,2/14/2025 16:57
1013,8841 Richard Ports Suite 123,05448,New York,54797,US,2/14/2025 16:57
1014,496 Thompson Gateway Suite 698,4115,Lima,56983,Peru,2/14/2025 16:57
1015,0233 Howard Mall,2191,Buenos Aires,29803,Argentina,2/14/2025 16:57
1016,688 Sandoval Lakes Apt. 875,485,Lima,95991,Peru,2/14/2025 16:57
1017,412 Tracie Gateway,853,Miami,82248,US,2/14/2025 16:57
1018,6327 Billy Lane,1371,New York,62946,US,2/14/2025 16:57
1019,88444 Tanya Causeway,4335,Lima,79538,Peru,2/14/2025 16:57
1020,3888 David Islands,9922,New York,36376,US,2/14/2025 16:57
1021,41920 Larry Ramp Apt. 427,39571,New York,16419,US,2/14/2025 16:57
1022,4946 Gay Inlet Apt. 574,208,New York,03024,US,2/14/2025 16:57
1023,2656 Reyes Flat Apt. 601,99800,Lima,33721,Peru,2/14/2025 16:57
1024,837 Strong Lake,5188,New York,83021,US,2/14/2025 16:57
1025,32873 Jesse Stravenue Apt. 572,1023,New York,97815,US,2/14/2025 16:57
1026,1781 Evans Mills,582,Lima,67094,Peru,2/14/2025 16:57
1027,9654 Smith Mission,973,Miami,14309,US,2/14/2025 16:57
1028,18499 Julia Centers Suite 528,66728,Miami,31515,US,2/14/2025 16:57
1029,184 Hebert Stream Suite 868,15902,Miami,19246,US,2/14/2025 16:57
1030,95496 Owens Overpass,84338,New York,87047,US,2/14/2025 16:57
1031,167 Hall Valleys,098,Miami,70545,US,2/14/2025 16:57
1032,85167 Contreras Row Apt. 611,60092,New York,28577,US,2/14/2025 16:57
1033,506 Victoria Ville,5846,Buenos Aires,93849,Argentina,2/14/2025 16:57
