order_id,item_id,customer_id,cafe_id,payment_id,delivery,delivery_address_id,created_at,item_quantity,customer_modifications,delivery_notes
1,1,6,1,1,f,41,2024-07-18 02:11:00,2, , 
3,1,127,2,3,t,162,2024-10-05 05:44:00,2, , 
4,1,170,2,4,t,205,2021-06-10 03:48:00,1,Add extra utensils please,Leave at the reception
11,1,288,3,11,t,323,2021-06-04 01:25:00,2, , 
14,1,305,3,14,t,340,2021-09-15 19:29:00,2, ,Leave at the reception
25,1,93,3,25,t,128,2020-06-29 07:39:00,1, ,Please dont call.Text instead
30,1,438,3,30,t,473,2020-05-26 16:44:00,1,Add extra utensils please, 
33,1,168,1,33,t,203,2024-12-05 02:17:00,2, ,Leave at the reception
40,1,168,4,40,f,203,2021-09-14 03:44:00,2, , 
47,1,12,2,47,f,47,2023-03-27 21:40:00,1,No utensils, 
49,1,11,1,49,f,46,2021-10-12 22:12:00,2, , 
50,1,162,1,50,f,197,2024-01-06 07:58:00,2, , 
51,1,446,5,51,t,481,2023-03-31 18:35:00,1, , 
55,1,380,5,55,f,415,2024-03-19 00:41:00,1, , 
59,1,319,5,59,t,354,2022-07-30 07:50:00,2,Add extra utensils please,Leave at the reception
72,1,443,2,72,f,478,2024-01-23 08:23:00,2, , 
75,1,211,1,75,t,246,2022-04-05 01:41:00,1, , 
76,1,38,5,76,f,73,2023-11-24 19:02:00,2, , 
84,1,477,5,84,f,512,2024-07-16 06:22:00,2, , 
86,1,485,3,86,f,520,2022-01-02 03:45:00,1, , 
92,1,299,2,92,t,334,2021-12-29 01:38:00,1, ,Contactless delivery.Leave at my doorsteps
94,1,64,4,94,f,99,2023-10-11 22:04:00,2,Add extra utensils please, 
97,1,323,5,97,t,358,2025-01-13 20:19:00,2, ,Leave at the reception
122,1,239,1,122,f,274,2024-11-09 14:37:00,1,Add extra utensils please, 
125,1,292,3,125,t,327,2022-03-01 23:37:00,2, ,Contactless delivery.Leave at my doorsteps
129,1,20,4,129,f,55,2023-06-03 15:29:00,2,No utensils, 
142,1,9,5,142,f,44,2021-07-23 00:29:00,1, , 
144,1,289,2,144,t,324,2023-12-02 21:09:00,1,No utensils,Contactless delivery.Leave at my doorsteps
157,1,93,1,157,f,128,2023-01-19 22:15:00,2, , 
160,1,454,5,160,t,489,2024-06-13 07:19:00,2, , 
169,1,92,5,169,t,127,2021-10-04 15:57:00,1, , 
174,1,27,2,174,f,62,2020-05-30 16:58:00,2, , 
182,1,260,4,182,t,295,2024-04-13 07:29:00,2,Add extra utensils please, 
185,1,308,3,185,t,343,2022-02-22 09:18:00,1, , 
188,1,135,4,188,t,170,2023-11-07 02:30:00,1, ,Leave at the reception
196,1,355,5,196,f,390,2020-10-22 01:11:00,2,Add extra utensils please, 
197,1,241,2,197,f,276,2024-07-27 00:13:00,2, , 
215,1,151,1,215,f,186,2022-06-04 08:13:00,1, , 
264,1,81,1,264,t,116,2020-05-18 04:42:00,2, ,Contactless delivery.Leave at my doorsteps
270,1,69,3,270,f,104,2024-08-19 10:27:00,2, , 
273,1,297,4,273,t,332,2020-03-12 11:23:00,1, , 
277,1,13,4,277,t,48,2023-04-05 08:16:00,1, , 
280,1,53,2,280,f,88,2024-07-18 16:53:00,2, , 
299,1,156,5,299,f,191,2022-11-28 05:42:00,2, , 
311,1,76,5,311,t,111,2021-11-07 02:50:00,1,No utensils,Leave at the reception
321,1,145,2,321,t,180,2020-10-03 03:58:00,2, ,Leave at the reception
327,1,460,3,327,t,495,2021-09-12 21:18:00,2, ,Please dont call.Text instead
338,1,247,5,338,f,282,2023-12-29 00:03:00,1, , 
340,1,200,4,340,t,235,2024-10-25 10:43:00,1, ,Please dont call.Text instead
343,1,56,1,343,t,91,2020-07-26 14:03:00,2, , 
344,1,350,1,344,f,385,2020-07-04 08:29:00,2, , 
350,1,207,1,350,t,242,2023-09-03 15:14:00,1, ,Please dont call.Text instead
353,1,38,5,353,f,73,2021-04-18 07:34:00,2,Add extra utensils please, 
369,1,404,1,369,t,439,2023-09-05 18:33:00,2, ,Contactless delivery.Leave at my doorsteps
378,1,80,3,378,f,115,2021-10-27 07:10:00,2, , 
392,1,279,4,392,f,314,2024-05-10 12:50:00,1, , 
430,1,420,1,430,t,455,2021-03-26 01:42:00,2,Add extra utensils please, 
435,1,29,5,435,t,64,2022-09-13 19:48:00,2, , 
436,1,163,4,436,f,198,2021-06-23 12:51:00,1, , 
465,1,283,4,465,f,318,2024-10-21 12:04:00,1, , 
482,1,457,5,482,f,492,2023-07-07 10:53:00,2,No utensils, 
486,1,59,2,486,t,94,2023-05-02 22:26:00,2, , 
496,1,199,2,496,f,234,2023-10-10 13:46:00,1, , 
499,1,92,2,499,f,127,2022-05-11 08:24:00,2, , 
1,7,6,1,1,f,41,2024-07-18 02:11:00,3, , 
2,3,221,4,2,f,256,2023-09-29 08:30:00,1, , 
3,7,127,2,3,t,162,2024-10-05 05:44:00,2, , 
4,7,170,2,4,t,205,2021-06-10 03:48:00,1,Add extra utensils please,Leave at the reception
5,3,84,3,5,t,119,2022-12-21 05:10:00,3, ,Contactless delivery.Leave at my doorsteps
6,6,306,4,6,f,341,2024-01-17 04:58:00,1,Add extra utensils please, 
7,4,182,4,7,f,217,2023-10-27 19:41:00,1, , 
8,1,396,1,8,t,431,2023-06-09 18:26:00,1,Add extra utensils please,Contactless delivery.Leave at my doorsteps
9,1,432,5,9,t,467,2020-09-24 14:39:00,2,Add extra utensils please,Leave at the reception
10,3,60,4,10,f,95,2021-02-21 03:59:00,2, , 
11,7,288,3,11,t,323,2021-06-04 01:25:00,3, , 
12,4,265,5,12,t,300,2022-10-28 15:06:00,1,Add extra utensils please, 
13,5,114,5,13,t,149,2023-04-02 11:56:00,2, ,Please dont call.Text instead
14,7,305,3,14,t,340,2021-09-15 19:29:00,1, ,Leave at the reception
15,1,133,2,15,t,168,2023-07-17 09:16:00,1,No utensils, 
16,2,44,2,16,t,79,2022-06-04 07:03:00,1, , 
17,2,276,1,17,f,311,2020-12-05 02:47:00,2, , 
18,2,226,3,18,f,261,2024-12-28 13:24:00,2, , 
19,2,74,4,19,t,109,2022-04-27 21:32:00,3,Add extra utensils please, 
20,6,94,2,20,t,129,2021-07-08 04:56:00,3,Add extra utensils please, 
21,3,359,1,21,f,394,2024-11-13 10:51:00,1, , 
22,6,385,2,22,f,420,2024-12-04 12:45:00,1, , 
23,4,418,4,23,f,453,2024-03-31 17:13:00,4,No utensils, 
24,6,233,2,24,t,268,2021-04-20 08:06:00,2,No utensils,Please dont call.Text instead
25,7,93,3,25,t,128,2020-06-29 07:39:00,4, ,Please dont call.Text instead
26,4,148,4,26,f,183,2022-02-19 06:40:00,1,Add extra utensils please, 
27,1,259,2,27,t,294,2021-06-06 21:12:00,3, ,Leave at the reception
28,5,55,5,28,t,90,2021-09-17 23:51:00,1, , 
29,1,266,1,29,t,301,2022-12-26 01:17:00,1, , 
30,7,438,3,30,t,473,2020-05-26 16:44:00,1,Add extra utensils please, 
31,3,247,1,31,t,282,2024-08-23 14:13:00,2,Add extra utensils please,Leave at the reception
32,6,330,3,32,t,365,2020-05-31 10:45:00,1, , 
33,7,168,1,33,t,203,2024-12-05 02:17:00,1, ,Leave at the reception
34,1,224,2,34,t,259,2023-08-19 12:53:00,3, ,Please dont call.Text instead
35,1,152,2,35,t,187,2022-07-22 02:53:00,2,No utensils,Leave at the reception
36,1,273,3,36,t,308,2022-08-03 23:38:00,4, ,Please dont call.Text instead
37,4,36,1,37,f,71,2021-07-02 02:24:00,4, , 
38,1,222,5,38,f,257,2023-09-03 05:30:00,2, , 
39,4,477,3,39,f,512,2024-03-10 19:44:00,1, , 
40,7,168,4,40,f,203,2021-09-14 03:44:00,4, , 
41,5,31,4,41,f,66,2023-06-22 04:29:00,2, , 
42,1,33,2,42,t,68,2021-11-17 16:58:00,1, ,Contactless delivery.Leave at my doorsteps
43,1,135,2,43,f,170,2020-08-23 06:47:00,2,No utensils, 
44,3,201,2,44,f,236,2022-10-17 01:25:00,1, , 
45,4,31,4,45,f,66,2024-02-12 07:09:00,2, , 
46,4,424,1,46,t,459,2024-07-19 12:00:00,2, , 
47,7,12,2,47,f,47,2023-03-27 21:40:00,1,No utensils, 
48,5,221,4,48,f,256,2024-08-31 13:03:00,1, , 
49,7,11,1,49,f,46,2021-10-12 22:12:00,4, , 
50,7,162,1,50,f,197,2024-01-06 07:58:00,1, , 
51,7,446,5,51,t,481,2023-03-31 18:35:00,1, , 
52,3,163,1,52,t,198,2024-11-09 19:46:00,3, ,Contactless delivery.Leave at my doorsteps
53,1,135,4,53,f,170,2021-08-23 05:13:00,3,No utensils, 
54,5,369,1,54,f,404,2022-09-01 02:44:00,1,Add extra utensils please, 
55,7,380,5,55,f,415,2024-03-19 00:41:00,1, , 
56,6,242,3,56,t,277,2024-04-30 10:40:00,1, ,Contactless delivery.Leave at my doorsteps
57,4,19,3,57,f,54,2021-01-16 22:15:00,2,No utensils, 
58,3,387,4,58,f,422,2022-11-07 15:01:00,3,Add extra utensils please, 
59,7,319,5,59,t,354,2022-07-30 07:50:00,2,Add extra utensils please,Leave at the reception
60,3,140,5,60,t,175,2020-10-23 18:37:00,3, ,Leave at the reception
61,6,444,5,61,t,479,2024-03-09 15:54:00,1, , 
62,6,243,4,62,f,278,2020-08-04 09:11:00,2, , 
63,5,146,3,63,t,181,2024-06-29 01:31:00,2,Add extra utensils please,Contactless delivery.Leave at my doorsteps
64,3,391,1,64,t,426,2023-06-27 10:44:00,2, ,Leave at the reception
65,2,442,1,65,f,477,2020-10-22 13:09:00,1,No utensils, 
66,2,52,4,66,t,87,2020-11-21 05:31:00,4,No utensils, 
67,5,305,1,67,f,340,2022-06-06 03:31:00,1, , 
68,4,116,1,68,f,151,2024-03-20 01:41:00,4, , 
69,6,100,2,69,t,135,2023-08-19 23:38:00,3, ,Leave at the reception
70,1,386,5,70,f,421,2023-10-17 22:53:00,3,No utensils, 
71,2,204,1,71,t,239,2023-01-26 22:21:00,1, , 
72,7,443,2,72,f,478,2024-01-23 08:23:00,1, , 
73,6,497,3,73,t,532,2020-12-19 05:00:00,3, ,Please dont call.Text instead
74,4,120,3,74,t,155,2024-06-24 04:57:00,1,Add extra utensils please, 
75,7,211,1,75,t,246,2022-04-05 01:41:00,1, , 
76,7,38,5,76,f,73,2023-11-24 19:02:00,1, , 
77,1,216,4,77,f,251,2024-12-01 00:53:00,2, , 
78,5,234,2,78,t,269,2023-06-08 21:23:00,1, ,Please dont call.Text instead
79,6,244,3,79,f,279,2023-01-14 05:36:00,2,No utensils, 
80,5,127,1,80,f,162,2021-03-21 01:52:00,1,Add extra utensils please, 
81,4,42,5,81,f,77,2021-11-15 21:05:00,1, , 
82,6,11,4,82,f,46,2021-01-18 23:29:00,2, , 
83,1,91,3,83,t,126,2022-08-30 16:42:00,1, , 
84,7,477,5,84,f,512,2024-07-16 06:22:00,1, , 
85,4,368,3,85,f,403,2020-06-07 15:01:00,2, , 
86,7,485,3,86,f,520,2022-01-02 03:45:00,2, , 
87,3,346,5,87,f,381,2021-03-16 18:53:00,1, , 
88,6,189,1,88,f,224,2023-10-24 22:29:00,2, , 
89,4,483,4,89,f,518,2022-02-03 00:42:00,1,No utensils, 
90,1,65,1,90,f,100,2020-04-14 14:15:00,1,No utensils, 
91,3,481,1,91,t,516,2022-01-24 10:30:00,1, ,Leave at the reception
92,7,299,2,92,t,334,2021-12-29 01:38:00,1, ,Contactless delivery.Leave at my doorsteps
93,4,376,1,93,f,411,2021-07-30 21:28:00,2,No utensils, 
94,7,64,4,94,f,99,2023-10-11 22:04:00,2,Add extra utensils please, 
95,1,408,1,95,f,443,2022-02-07 18:14:00,1,Add extra utensils please, 
96,2,400,1,96,t,435,2024-06-06 03:24:00,1,No utensils, 
97,7,323,5,97,t,358,2025-01-13 20:19:00,1, ,Leave at the reception
98,3,442,3,98,t,477,2023-12-11 06:57:00,2, ,Leave at the reception
99,1,209,5,99,t,244,2021-09-01 06:08:00,2, , 
100,4,75,5,100,f,110,2023-03-09 16:02:00,2, , 
101,2,288,3,101,f,323,2022-08-11 22:50:00,2, , 
102,5,284,1,102,f,319,2022-09-13 17:21:00,1, , 
103,1,66,3,103,t,101,2023-07-13 05:49:00,1, , 
104,2,480,4,104,t,515,2020-02-25 06:34:00,1, , 
105,6,187,5,105,f,222,2024-11-10 11:37:00,1,No utensils, 
106,3,200,5,106,t,235,2022-10-14 11:24:00,2, ,Contactless delivery.Leave at my doorsteps
107,1,349,1,107,t,384,2020-11-26 09:40:00,2, ,Contactless delivery.Leave at my doorsteps
108,6,105,5,108,f,140,2023-02-08 14:28:00,2,No utensils, 
109,1,17,1,109,f,52,2024-01-26 18:56:00,2,No utensils, 
110,4,399,5,110,t,434,2024-09-18 20:41:00,4,Add extra utensils please,Please dont call.Text instead
111,5,375,5,111,t,410,2020-05-02 09:03:00,1, , 
112,3,279,4,112,t,314,2021-05-09 08:30:00,1, ,Please dont call.Text instead
113,4,456,4,113,f,491,2021-04-05 21:34:00,3,Add extra utensils please, 
114,2,383,4,114,t,418,2022-12-22 23:59:00,2,Add extra utensils please,Please dont call.Text instead
115,4,225,2,115,f,260,2023-12-10 04:48:00,1, , 
116,3,191,2,116,f,226,2024-11-08 08:06:00,1,Add extra utensils please, 
117,2,444,3,117,f,479,2020-03-18 07:42:00,1, , 
118,2,53,1,118,f,88,2020-08-10 17:15:00,1, , 
119,3,449,2,119,t,484,2022-08-20 23:04:00,1,No utensils,Contactless delivery.Leave at my doorsteps
120,5,141,1,120,f,176,2022-03-31 13:24:00,1, , 
121,2,134,5,121,f,169,2020-07-13 05:14:00,1, , 
122,7,239,1,122,f,274,2024-11-09 14:37:00,1,Add extra utensils please, 
123,2,235,1,123,f,270,2023-11-19 18:16:00,1, , 
124,5,444,5,124,f,479,2024-08-29 05:59:00,3, , 
125,7,292,3,125,t,327,2022-03-01 23:37:00,4, ,Contactless delivery.Leave at my doorsteps
126,2,242,4,126,f,277,2024-06-11 07:57:00,2, , 
127,6,385,5,127,f,420,2023-04-27 10:16:00,1,No utensils, 
128,4,338,2,128,t,373,2024-05-29 18:58:00,1, ,Contactless delivery.Leave at my doorsteps
129,7,20,4,129,f,55,2023-06-03 15:29:00,2,No utensils, 
130,1,470,1,130,f,505,2024-03-04 19:55:00,4,No utensils, 
131,5,234,5,131,f,269,2023-09-24 16:07:00,1,No utensils, 
132,4,109,3,132,f,144,2023-08-15 19:36:00,1, , 
133,1,261,2,133,t,296,2022-10-26 01:18:00,1, , 
134,6,333,3,134,t,368,2020-07-15 17:52:00,2,No utensils,Contactless delivery.Leave at my doorsteps
135,5,337,5,135,f,372,2024-12-18 04:09:00,1, , 
136,4,184,3,136,f,219,2024-04-11 03:17:00,1, , 
137,4,128,3,137,f,163,2021-08-07 13:02:00,1, , 
138,3,23,5,138,t,58,2022-01-13 20:19:00,1,Add extra utensils please, 
139,2,396,3,139,t,431,2024-10-31 22:17:00,2, ,Leave at the reception
140,2,113,3,140,t,148,2022-03-05 21:39:00,1, , 
141,3,288,2,141,t,323,2020-07-06 22:30:00,1,Add extra utensils please,Contactless delivery.Leave at my doorsteps
142,7,9,5,142,f,44,2021-07-23 00:29:00,1, , 
143,1,160,3,143,t,195,2022-07-05 20:01:00,4, ,Contactless delivery.Leave at my doorsteps
144,7,289,2,144,t,324,2023-12-02 21:09:00,1,No utensils,Contactless delivery.Leave at my doorsteps
145,5,324,4,145,t,359,2020-11-30 08:34:00,2,Add extra utensils please,Please dont call.Text instead
146,1,282,5,146,t,317,2021-03-26 15:14:00,2,Add extra utensils please, 
147,4,372,2,147,f,407,2020-06-18 04:09:00,2,Add extra utensils please, 
148,2,446,3,148,f,481,2020-12-17 12:24:00,1,Add extra utensils please, 
149,5,175,2,149,f,210,2020-09-12 15:59:00,1, , 
150,5,29,5,150,t,64,2020-07-26 13:07:00,1, ,Leave at the reception
151,3,226,5,151,t,261,2024-08-29 09:12:00,2, ,Please dont call.Text instead
152,1,448,2,152,t,483,2022-08-02 20:03:00,2,Add extra utensils please,Leave at the reception
153,3,474,1,153,f,509,2020-05-16 16:19:00,1, , 
154,1,190,2,154,t,225,2024-06-28 02:30:00,4, ,Please dont call.Text instead
155,1,106,4,155,t,141,2021-12-07 11:43:00,2, ,Please dont call.Text instead
156,5,500,4,156,t,535,2022-09-13 03:27:00,1, ,Please dont call.Text instead
157,7,93,1,157,f,128,2023-01-19 22:15:00,2, , 
158,6,462,1,158,f,497,2024-07-29 09:00:00,1, , 
159,5,309,2,159,f,344,2025-02-18 15:35:00,1, , 
160,7,454,5,160,t,489,2024-06-13 07:19:00,1, , 
161,5,346,5,161,f,381,2025-02-19 12:02:00,1,Add extra utensils please, 
162,1,387,1,162,t,422,2024-05-25 12:34:00,3, ,Please dont call.Text instead
163,6,118,1,163,f,153,2021-10-04 07:48:00,1, , 
164,3,428,5,164,t,463,2023-03-07 17:06:00,1,Add extra utensils please,Please dont call.Text instead
165,1,477,1,165,f,512,2023-01-24 22:24:00,1, , 
166,4,187,3,166,t,222,2024-06-29 20:33:00,1, ,Leave at the reception
167,2,444,3,167,t,479,2022-09-07 11:58:00,1, ,Please dont call.Text instead
168,3,473,4,168,f,508,2022-10-16 15:15:00,2, , 
169,7,92,5,169,t,127,2021-10-04 15:57:00,1, , 
170,3,223,1,170,t,258,2020-02-22 11:50:00,1, ,Contactless delivery.Leave at my doorsteps
171,4,476,2,171,f,511,2021-03-29 11:52:00,2, , 
172,1,48,5,172,t,83,2022-05-17 02:07:00,4, , 
173,2,367,2,173,f,402,2020-09-20 13:59:00,2, , 
174,7,27,2,174,f,62,2020-05-30 16:58:00,4, , 
175,2,182,1,175,f,217,2023-05-18 19:50:00,1, , 
176,2,262,4,176,t,297,2024-07-09 09:14:00,1, , 
177,6,20,1,177,f,55,2022-09-11 22:08:00,1,Add extra utensils please, 
178,1,281,2,178,f,316,2021-02-09 09:38:00,1,Add extra utensils please, 
179,2,177,5,179,f,212,2021-09-14 22:27:00,4,Add extra utensils please, 
180,2,2,2,180,t,37,2020-12-17 10:06:00,1, ,Please dont call.Text instead
181,3,240,4,181,f,275,2022-08-04 05:34:00,4,No utensils, 
182,7,260,4,182,t,295,2024-04-13 07:29:00,1,Add extra utensils please, 
183,2,402,3,183,f,437,2020-08-03 15:10:00,1, , 
184,6,130,2,184,t,165,2023-10-28 07:03:00,2, ,Please dont call.Text instead
185,7,308,3,185,t,343,2022-02-22 09:18:00,2, , 
186,3,15,1,186,t,50,2021-11-10 22:15:00,1, ,Contactless delivery.Leave at my doorsteps
187,1,96,1,187,t,131,2020-08-16 08:06:00,1, ,Leave at the reception
188,7,135,4,188,t,170,2023-11-07 02:30:00,1, ,Leave at the reception
189,1,265,3,189,f,300,2020-09-02 10:28:00,4, , 
190,5,309,2,190,f,344,2024-04-11 14:10:00,2, , 
191,2,167,2,191,f,202,2020-09-23 01:18:00,1, , 
192,1,184,3,192,f,219,2024-11-17 11:58:00,1, , 
193,2,171,3,193,f,206,2020-04-02 15:17:00,1,Add extra utensils please, 
194,6,412,2,194,f,447,2022-06-05 10:47:00,1,Add extra utensils please, 
195,1,354,4,195,t,389,2023-08-28 04:11:00,1, ,Leave at the reception
196,7,355,5,196,f,390,2020-10-22 01:11:00,2,Add extra utensils please, 
197,7,241,2,197,f,276,2024-07-27 00:13:00,2, , 
198,5,317,5,198,f,352,2025-01-03 17:20:00,3,No utensils, 
199,3,30,4,199,t,65,2021-07-15 00:16:00,2,No utensils, 
200,6,441,5,200,f,476,2020-05-09 00:57:00,2, , 
201,5,10,1,201,t,45,2024-02-21 04:08:00,1, ,Leave at the reception
202,2,426,1,202,f,461,2022-08-09 23:00:00,1,Add extra utensils please, 
203,1,216,5,203,f,251,2020-08-29 15:46:00,4, , 
204,6,219,4,204,f,254,2022-04-26 00:14:00,1,Add extra utensils please, 
205,5,90,3,205,f,125,2022-07-08 20:55:00,2, , 
206,2,69,4,206,f,104,2024-10-08 03:04:00,3, , 
207,3,142,4,207,t,177,2022-11-05 05:04:00,2,Add extra utensils please, 
208,5,326,3,208,f,361,2021-05-03 10:06:00,2, , 
209,5,73,4,209,t,108,2023-05-25 04:43:00,2,Add extra utensils please, 
210,2,499,1,210,f,534,2020-08-20 21:19:00,2,No utensils, 
211,5,215,5,211,t,250,2022-02-24 16:37:00,4, ,Please dont call.Text instead
212,3,11,1,212,t,46,2023-09-15 08:19:00,1, , 
213,3,56,4,213,f,91,2021-01-07 08:12:00,2, , 
214,5,315,2,214,f,350,2024-05-06 01:35:00,1, , 
215,7,151,1,215,f,186,2022-06-04 08:13:00,1, , 
216,4,337,5,216,t,372,2025-01-28 19:18:00,1, ,Contactless delivery.Leave at my doorsteps
217,4,248,5,217,f,283,2020-10-02 22:54:00,1, , 
218,3,116,4,218,t,151,2021-04-20 04:53:00,2, ,Please dont call.Text instead
219,6,99,3,219,f,134,2022-11-22 05:21:00,2,Add extra utensils please, 
220,5,118,1,220,f,153,2022-12-28 07:27:00,1,Add extra utensils please, 
221,1,334,1,221,f,369,2023-09-12 09:19:00,2, , 
222,3,372,4,222,t,407,2023-03-25 16:02:00,1, , 
223,3,469,4,223,f,504,2022-01-05 14:31:00,2, , 
224,6,491,5,224,t,526,2021-04-15 22:51:00,2, ,Leave at the reception
225,5,149,3,225,f,184,2021-07-04 09:03:00,2,Add extra utensils please, 
226,2,330,4,226,f,365,2022-01-01 08:41:00,2,Add extra utensils please, 
227,4,92,3,227,t,127,2020-08-10 06:32:00,1, , 
228,3,460,4,228,f,495,2023-09-04 09:09:00,4, , 
229,2,265,3,229,f,300,2023-08-02 23:38:00,2, , 
230,6,296,3,230,t,331,2024-10-13 15:20:00,3,Add extra utensils please,Please dont call.Text instead
231,3,113,2,231,t,148,2024-01-26 03:29:00,1,No utensils, 
232,2,436,3,232,f,471,2021-05-25 18:15:00,2, , 
233,3,404,3,233,t,439,2024-01-29 00:25:00,3,Add extra utensils please,Contactless delivery.Leave at my doorsteps
234,5,340,4,234,f,375,2022-03-17 18:53:00,2, , 
235,6,228,3,235,t,263,2024-11-21 04:10:00,2, ,Please dont call.Text instead
236,3,304,1,236,f,339,2020-07-18 06:31:00,2, , 
237,3,26,4,237,f,61,2020-11-22 11:46:00,2, , 
238,5,253,1,238,t,288,2023-12-27 18:03:00,1,No utensils,Contactless delivery.Leave at my doorsteps
239,2,288,5,239,f,323,2021-12-25 22:19:00,1, , 
240,3,96,1,240,f,131,2023-08-17 22:34:00,1, , 
241,6,192,3,241,t,227,2023-10-29 11:28:00,2, ,Leave at the reception
242,2,302,2,242,f,337,2022-10-13 01:09:00,1, , 
243,1,486,2,243,f,521,2023-04-20 23:00:00,1, , 
244,4,180,5,244,t,215,2020-03-23 16:15:00,2, ,Leave at the reception
245,4,169,5,245,t,204,2021-03-27 16:05:00,2, ,Contactless delivery.Leave at my doorsteps
246,5,400,2,246,f,435,2020-05-03 21:07:00,2,Add extra utensils please, 
247,4,278,5,247,f,313,2024-06-06 13:18:00,1, , 
248,3,8,1,248,f,43,2020-06-12 21:05:00,2, , 
249,2,33,4,249,f,68,2020-08-23 13:45:00,1, , 
250,6,479,5,250,f,514,2023-05-09 16:12:00,2, , 
251,2,132,2,251,f,167,2020-06-20 04:21:00,1,No utensils, 
252,5,56,2,252,t,91,2023-10-29 03:25:00,1, ,Contactless delivery.Leave at my doorsteps
253,1,397,2,253,t,432,2024-10-26 22:03:00,1, , 
254,3,10,3,254,f,45,2022-12-06 16:51:00,2, , 
255,1,433,4,255,t,468,2022-08-08 17:00:00,2,Add extra utensils please,Leave at the reception
256,6,291,5,256,t,326,2024-11-07 13:33:00,2,Add extra utensils please,Leave at the reception
257,6,422,5,257,f,457,2022-08-25 08:26:00,1,Add extra utensils please, 
258,4,39,1,258,t,74,2024-03-09 07:17:00,1, ,Please dont call.Text instead
259,3,138,1,259,t,173,2021-08-19 08:57:00,1, , 
260,4,497,2,260,f,532,2022-08-15 13:26:00,1, , 
261,4,173,3,261,f,208,2024-02-06 22:19:00,2,No utensils, 
262,6,214,3,262,t,249,2022-09-06 01:01:00,1, , 
263,1,191,2,263,t,226,2024-07-14 02:09:00,1, ,Leave at the reception
264,7,81,1,264,t,116,2020-05-18 04:42:00,2, ,Contactless delivery.Leave at my doorsteps
265,2,363,5,265,f,398,2023-09-13 02:43:00,2, , 
266,2,59,5,266,f,94,2021-10-13 19:51:00,2,Add extra utensils please, 
267,2,399,4,267,t,434,2023-06-22 06:09:00,1, , 
268,2,427,3,268,f,462,2023-10-05 10:38:00,2,No utensils, 
269,1,370,5,269,f,405,2020-02-26 23:00:00,1, , 
270,7,69,3,270,f,104,2024-08-19 10:27:00,4, , 
271,1,384,5,271,f,419,2021-07-24 08:11:00,1, , 
272,3,161,1,272,f,196,2023-09-17 18:20:00,1,Add extra utensils please, 
273,7,297,4,273,t,332,2020-03-12 11:23:00,2, , 
274,4,460,2,274,t,495,2023-09-29 06:06:00,1, ,Please dont call.Text instead
275,1,272,3,275,f,307,2021-08-06 19:53:00,1, , 
276,2,317,2,276,f,352,2023-12-01 02:02:00,2,Add extra utensils please, 
277,7,13,4,277,t,48,2023-04-05 08:16:00,1, , 
278,2,435,3,278,f,470,2022-04-26 21:40:00,1, , 
279,6,375,5,279,t,410,2021-02-07 13:38:00,1, , 
280,7,53,2,280,f,88,2024-07-18 16:53:00,2, , 
281,4,205,3,281,t,240,2021-12-08 01:29:00,1,No utensils,Leave at the reception
282,6,124,5,282,f,159,2021-07-05 01:21:00,1, , 
283,5,273,1,283,t,308,2022-09-09 01:44:00,1, , 
284,4,53,4,284,t,88,2022-08-26 08:18:00,1, ,Contactless delivery.Leave at my doorsteps
285,4,181,5,285,t,216,2021-03-24 20:22:00,1,Add extra utensils please,Leave at the reception
286,4,406,3,286,t,441,2023-04-26 11:07:00,1,No utensils,Contactless delivery.Leave at my doorsteps
287,2,467,4,287,t,502,2024-08-10 11:23:00,2,No utensils,Contactless delivery.Leave at my doorsteps
288,2,133,5,288,t,168,2024-11-20 14:41:00,2, , 
289,4,277,5,289,f,312,2020-06-18 06:51:00,1, , 
290,1,359,2,290,f,394,2023-09-17 09:14:00,1, , 
291,5,499,4,291,t,534,2022-09-17 01:19:00,1, ,Please dont call.Text instead
292,1,43,3,292,f,78,2024-06-10 19:40:00,2,No utensils, 
293,2,5,1,293,f,40,2022-01-13 14:16:00,2, , 
294,6,105,3,294,f,140,2022-07-09 09:16:00,1, , 
295,1,442,1,295,f,477,2022-04-17 06:35:00,1,No utensils, 
296,4,409,1,296,f,444,2021-12-20 05:52:00,3, , 
297,3,298,3,297,t,333,2020-10-02 03:30:00,1, ,Please dont call.Text instead
298,6,222,2,298,t,257,2021-02-12 14:27:00,4, ,Contactless delivery.Leave at my doorsteps
299,7,156,5,299,f,191,2022-11-28 05:42:00,4, , 
300,6,162,4,300,t,197,2020-07-25 21:02:00,1, ,Contactless delivery.Leave at my doorsteps
301,1,241,3,301,t,276,2024-01-12 13:43:00,1, , 
302,2,492,5,302,t,527,2023-09-23 21:31:00,1, ,Contactless delivery.Leave at my doorsteps
303,3,275,1,303,t,310,2021-01-29 15:17:00,3, , 
304,2,364,3,304,f,399,2021-12-09 20:25:00,1, , 
305,2,458,1,305,f,493,2022-01-11 05:22:00,2,No utensils, 
306,4,318,2,306,t,353,2024-01-22 12:32:00,1,No utensils,Please dont call.Text instead
307,3,320,1,307,f,355,2021-09-04 19:39:00,2, , 
308,4,338,5,308,f,373,2024-03-02 11:00:00,1, , 
309,4,16,5,309,f,51,2022-06-25 07:19:00,2,No utensils, 
310,4,494,4,310,f,529,2023-01-14 07:07:00,2, , 
311,7,76,5,311,t,111,2021-11-07 02:50:00,3,No utensils,Leave at the reception
312,1,322,4,312,f,357,2022-10-28 00:12:00,2,No utensils, 
313,1,225,1,313,f,260,2022-05-03 08:04:00,1,Add extra utensils please, 
314,3,426,3,314,f,461,2022-04-26 00:23:00,1, , 
315,6,284,3,315,t,319,2021-06-21 14:58:00,2, , 
316,2,76,4,316,f,111,2021-11-15 23:07:00,2, , 
317,3,365,5,317,t,400,2020-05-30 10:21:00,1,Add extra utensils please, 
318,4,397,1,318,f,432,2023-04-06 22:18:00,1,Add extra utensils please, 
319,1,346,3,319,f,381,2021-11-07 00:44:00,2, , 
320,3,141,5,320,f,176,2024-04-14 15:35:00,2, , 
321,7,145,2,321,t,180,2020-10-03 03:58:00,2, ,Leave at the reception
322,3,276,4,322,t,311,2023-01-26 05:31:00,3, , 
323,6,466,4,323,f,501,2024-10-21 02:02:00,1, , 
324,5,24,5,324,t,59,2022-11-28 07:49:00,1, ,Please dont call.Text instead
325,6,415,5,325,t,450,2023-08-22 04:17:00,1,Add extra utensils please,Leave at the reception
326,4,297,1,326,t,332,2020-10-25 20:53:00,1, ,Contactless delivery.Leave at my doorsteps
327,7,460,3,327,t,495,2021-09-12 21:18:00,1, ,Please dont call.Text instead
328,5,481,1,328,t,516,2023-04-17 01:13:00,1, ,Contactless delivery.Leave at my doorsteps
329,4,132,1,329,f,167,2023-01-28 05:24:00,4, , 
330,1,71,2,330,t,106,2024-05-11 17:49:00,1, ,Contactless delivery.Leave at my doorsteps
331,1,394,5,331,t,429,2021-06-13 07:37:00,2,Add extra utensils please, 
332,1,15,1,332,f,50,2020-07-03 10:35:00,1,No utensils, 
333,1,450,1,333,f,485,2024-01-12 18:04:00,1,Add extra utensils please, 
334,3,200,2,334,f,235,2020-08-13 13:15:00,1, , 
335,2,354,4,335,t,389,2023-09-13 16:47:00,1,No utensils, 
336,5,77,5,336,t,112,2020-04-23 07:35:00,1, ,Leave at the reception
337,1,388,1,337,t,423,2023-05-22 10:01:00,2,No utensils, 
338,7,247,5,338,f,282,2023-12-29 00:03:00,1, , 
339,1,217,5,339,f,252,2021-07-28 01:52:00,2,Add extra utensils please, 
340,7,200,4,340,t,235,2024-10-25 10:43:00,1, ,Please dont call.Text instead
341,1,89,2,341,t,124,2024-09-24 23:37:00,4, , 
342,6,35,2,342,t,70,2020-04-27 05:29:00,1,No utensils,Contactless delivery.Leave at my doorsteps
343,7,56,1,343,t,91,2020-07-26 14:03:00,1, , 
344,7,350,1,344,f,385,2020-07-04 08:29:00,2, , 
345,2,329,5,345,t,364,2022-12-09 19:37:00,1, , 
346,3,263,2,346,f,298,2020-10-15 06:23:00,1,Add extra utensils please, 
347,1,63,3,347,t,98,2022-11-09 05:22:00,3, ,Contactless delivery.Leave at my doorsteps
348,6,386,2,348,t,421,2021-04-16 22:06:00,4,No utensils, 
349,6,300,5,349,t,335,2022-09-06 20:11:00,2, , 
350,7,207,1,350,t,242,2023-09-03 15:14:00,1, ,Please dont call.Text instead
351,4,493,2,351,t,528,2024-01-25 22:54:00,4, ,Leave at the reception
352,4,186,4,352,f,221,2021-04-06 00:02:00,2, , 
353,7,38,5,353,f,73,2021-04-18 07:34:00,1,Add extra utensils please, 
354,2,497,3,354,t,532,2023-01-01 05:44:00,3,Add extra utensils please,Contactless delivery.Leave at my doorsteps
355,2,250,5,355,t,285,2024-02-22 09:08:00,1, ,Leave at the reception
356,2,461,2,356,f,496,2024-07-09 10:33:00,4,Add extra utensils please, 
357,5,291,4,357,f,326,2022-12-27 09:09:00,4, , 
358,5,394,4,358,f,429,2021-06-03 05:46:00,4,Add extra utensils please, 
359,5,100,2,359,t,135,2022-04-26 20:14:00,1, , 
360,1,470,3,360,f,505,2021-07-21 17:21:00,1, , 
361,5,256,5,361,t,291,2023-08-23 01:56:00,1, , 
362,5,93,1,362,t,128,2020-10-31 08:01:00,3, ,Contactless delivery.Leave at my doorsteps
363,2,482,4,363,f,517,2021-03-13 21:27:00,1, , 
364,4,128,5,364,f,163,2023-06-07 03:53:00,2, , 
365,1,159,3,365,t,194,2022-01-01 14:31:00,1, ,Contactless delivery.Leave at my doorsteps
366,1,283,5,366,t,318,2024-09-09 18:29:00,1, ,Contactless delivery.Leave at my doorsteps
367,1,290,4,367,t,325,2020-10-17 17:40:00,2,No utensils, 
368,2,310,4,368,f,345,2024-12-15 10:35:00,2,No utensils, 
369,7,404,1,369,t,439,2023-09-05 18:33:00,1, ,Contactless delivery.Leave at my doorsteps
370,5,144,2,370,t,179,2024-11-07 01:56:00,4, ,Contactless delivery.Leave at my doorsteps
371,2,309,5,371,f,344,2020-08-26 11:12:00,2, , 
372,4,212,1,372,t,247,2024-09-10 20:09:00,1, ,Please dont call.Text instead
373,4,233,1,373,t,268,2023-09-04 06:00:00,2, , 
374,5,233,4,374,t,268,2022-03-09 07:18:00,1,Add extra utensils please,Please dont call.Text instead
375,6,317,2,375,f,352,2024-09-26 02:37:00,2, , 
376,3,299,3,376,f,334,2024-03-13 00:38:00,1,Add extra utensils please, 
377,6,118,2,377,f,153,2023-11-23 15:42:00,2, , 
378,7,80,3,378,f,115,2021-10-27 07:10:00,2, , 
379,6,299,2,379,f,334,2023-12-26 13:56:00,2, , 
380,6,313,2,380,t,348,2021-08-05 15:12:00,1, ,Please dont call.Text instead
381,3,203,1,381,f,238,2022-08-06 03:32:00,2, , 
382,3,93,2,382,t,128,2020-07-13 01:26:00,1,No utensils,Leave at the reception
383,5,231,2,383,t,266,2021-01-23 14:29:00,4,Add extra utensils please,Contactless delivery.Leave at my doorsteps
384,4,385,4,384,f,420,2020-05-09 05:20:00,1, , 
385,1,63,2,385,f,98,2021-01-08 18:46:00,1, , 
386,4,397,2,386,t,432,2021-03-13 12:24:00,4, ,Contactless delivery.Leave at my doorsteps
387,2,432,1,387,f,467,2024-09-25 10:28:00,4,Add extra utensils please, 
388,5,370,4,388,t,405,2024-10-19 11:54:00,2, ,Leave at the reception
389,6,11,3,389,t,46,2020-05-05 18:42:00,2,Add extra utensils please,Contactless delivery.Leave at my doorsteps
390,5,314,2,390,f,349,2022-08-28 13:58:00,1, , 
391,5,73,2,391,t,108,2022-05-27 01:09:00,4, ,Contactless delivery.Leave at my doorsteps
392,7,279,4,392,f,314,2024-05-10 12:50:00,2, , 
393,4,299,3,393,t,334,2024-04-16 09:30:00,1, , 
394,2,163,2,394,t,198,2023-01-29 21:09:00,2, , 
395,5,246,4,395,f,281,2024-11-18 23:08:00,2, , 
396,6,102,3,396,t,137,2021-07-11 01:50:00,1, ,Please dont call.Text instead
397,1,159,2,397,f,194,2023-10-22 04:24:00,2, , 
398,6,361,1,398,f,396,2023-04-04 10:27:00,1, , 
399,5,399,2,399,f,434,2021-04-05 09:22:00,3,Add extra utensils please, 
400,3,63,3,400,f,98,2023-03-11 15:28:00,2, , 
401,5,465,3,401,t,500,2024-04-24 10:54:00,2,Add extra utensils please,Leave at the reception
402,4,128,4,402,f,163,2024-10-08 09:19:00,2, , 
403,2,181,4,403,t,216,2022-08-19 07:01:00,2, ,Contactless delivery.Leave at my doorsteps
404,3,263,1,404,t,298,2023-08-22 04:15:00,1, ,Please dont call.Text instead
405,3,206,1,405,t,241,2020-11-15 05:00:00,3, ,Contactless delivery.Leave at my doorsteps
406,2,390,1,406,t,425,2021-10-19 01:48:00,1, ,Leave at the reception
407,6,331,4,407,t,366,2020-11-25 01:58:00,4,Add extra utensils please, 
408,3,391,4,408,t,426,2023-04-14 12:13:00,2,Add extra utensils please,Contactless delivery.Leave at my doorsteps
409,2,285,2,409,f,320,2022-08-29 10:01:00,3,Add extra utensils please, 
410,2,437,1,410,f,472,2025-02-02 09:24:00,1, , 
411,1,364,2,411,t,399,2020-02-23 15:02:00,1, , 
412,4,412,3,412,f,447,2023-03-07 15:12:00,1,No utensils, 
413,2,311,3,413,t,346,2020-08-14 04:40:00,1,Add extra utensils please, 
414,3,24,4,414,f,59,2020-05-13 11:57:00,4,Add extra utensils please, 
415,6,268,5,415,t,303,2024-07-15 03:43:00,1,No utensils, 
416,5,280,5,416,t,315,2023-08-11 10:41:00,2,No utensils, 
417,6,80,5,417,t,115,2023-04-30 02:10:00,1, ,Contactless delivery.Leave at my doorsteps
418,2,405,1,418,t,440,2022-09-10 17:39:00,1, , 
419,2,14,2,419,f,49,2020-05-04 02:09:00,1, , 
420,6,309,3,420,f,344,2022-09-03 13:46:00,2, , 
421,3,98,4,421,t,133,2021-02-01 00:29:00,1,Add extra utensils please,Please dont call.Text instead
422,3,446,5,422,t,481,2025-02-12 11:18:00,2, , 
423,1,156,1,423,f,191,2024-08-25 15:25:00,1, , 
424,1,422,4,424,t,457,2023-06-19 22:46:00,4,No utensils,Contactless delivery.Leave at my doorsteps
425,3,267,3,425,f,302,2020-12-13 06:32:00,2, , 
426,4,337,1,426,f,372,2020-10-31 15:25:00,2,Add extra utensils please, 
427,6,339,5,427,f,374,2023-02-06 20:00:00,1, , 
428,5,167,1,428,f,202,2020-04-28 10:28:00,2, , 
429,5,240,4,429,f,275,2024-01-12 10:57:00,1,Add extra utensils please, 
430,7,420,1,430,t,455,2021-03-26 01:42:00,3,Add extra utensils please, 
431,3,340,4,431,t,375,2023-12-07 06:45:00,3,Add extra utensils please,Leave at the reception
432,1,274,5,432,t,309,2021-07-04 10:18:00,3,Add extra utensils please, 
433,1,123,2,433,t,158,2023-04-25 02:56:00,1, ,Contactless delivery.Leave at my doorsteps
434,1,496,5,434,f,531,2021-01-01 01:57:00,1, , 
435,7,29,5,435,t,64,2022-09-13 19:48:00,2, , 
436,7,163,4,436,f,198,2021-06-23 12:51:00,2, , 
437,3,282,3,437,f,317,2024-02-27 08:52:00,1, , 
438,1,441,4,438,f,476,2022-09-01 02:58:00,1,No utensils, 
439,5,63,4,439,t,98,2022-09-03 10:27:00,3, ,Contactless delivery.Leave at my doorsteps
440,2,263,1,440,t,298,2022-09-01 14:56:00,1, , 
441,6,23,4,441,f,58,2020-02-29 13:44:00,2, , 
442,2,67,5,442,f,102,2024-04-04 14:00:00,2,Add extra utensils please, 
443,1,488,4,443,f,523,2024-02-20 13:13:00,1, , 
444,1,161,3,444,f,196,2023-09-10 14:34:00,1, , 
445,5,177,3,445,f,212,2022-09-25 19:17:00,1,No utensils, 
446,2,324,3,446,f,359,2024-04-09 19:14:00,2, , 
447,1,415,4,447,f,450,2022-03-01 08:59:00,1,Add extra utensils please, 
448,1,142,5,448,f,177,2021-02-22 00:22:00,1,Add extra utensils please, 
449,3,41,4,449,f,76,2020-09-22 17:09:00,3,Add extra utensils please, 
450,5,179,4,450,f,214,2020-09-10 09:29:00,2,Add extra utensils please, 
451,2,311,3,451,t,346,2022-08-25 14:19:00,1,No utensils,Leave at the reception
452,5,328,3,452,t,363,2024-07-01 14:14:00,3, ,Please dont call.Text instead
453,1,12,2,453,t,47,2022-07-11 03:44:00,3,No utensils,Leave at the reception
454,5,159,2,454,t,194,2022-11-13 14:59:00,2,No utensils,Leave at the reception
455,5,338,5,455,t,373,2020-03-17 10:37:00,2, ,Please dont call.Text instead
456,5,346,3,456,t,381,2024-05-08 18:51:00,1,No utensils, 
457,2,135,2,457,t,170,2020-08-19 12:38:00,2, ,Contactless delivery.Leave at my doorsteps
458,4,406,4,458,f,441,2024-01-31 13:01:00,2, , 
459,3,337,4,459,t,372,2023-03-30 12:06:00,2, ,Please dont call.Text instead
460,3,380,5,460,t,415,2020-12-24 00:04:00,1, , 
461,5,282,2,461,t,317,2022-10-28 01:31:00,4,No utensils,Please dont call.Text instead
462,1,21,4,462,t,56,2023-03-04 19:41:00,4, ,Contactless delivery.Leave at my doorsteps
463,2,73,4,463,t,108,2022-03-17 00:08:00,2, , 
464,5,210,3,464,t,245,2020-09-05 11:19:00,2, ,Contactless delivery.Leave at my doorsteps
465,7,283,4,465,f,318,2024-10-21 12:04:00,4, , 
466,6,80,5,466,t,115,2023-09-03 23:36:00,1,No utensils, 
467,6,360,1,467,f,395,2023-10-18 16:15:00,1,Add extra utensils please, 
468,6,443,5,468,t,478,2021-10-08 07:32:00,2, ,Contactless delivery.Leave at my doorsteps
469,3,450,3,469,f,485,2022-05-09 00:44:00,1, , 
470,4,489,2,470,t,524,2020-10-26 10:19:00,1,Add extra utensils please,Leave at the reception
471,3,179,1,471,f,214,2020-06-14 02:53:00,1, , 
472,6,424,4,472,f,459,2024-05-18 16:39:00,2, , 
473,2,17,3,473,f,52,2022-01-08 10:11:00,2,Add extra utensils please, 
474,2,88,1,474,t,123,2021-07-18 03:33:00,1, ,Please dont call.Text instead
475,4,127,3,475,f,162,2024-12-20 09:29:00,4, , 
476,6,190,4,476,f,225,2021-12-24 18:03:00,2, , 
477,5,42,5,477,t,77,2022-08-18 16:19:00,2, ,Contactless delivery.Leave at my doorsteps
478,4,460,1,478,t,495,2021-03-16 12:50:00,1, ,Please dont call.Text instead
479,2,494,1,479,t,529,2021-09-03 06:50:00,1, , 
480,6,201,3,480,t,236,2022-09-11 03:26:00,2,No utensils,Contactless delivery.Leave at my doorsteps
481,6,288,3,481,f,323,2022-11-27 22:59:00,3,Add extra utensils please, 
482,7,457,5,482,f,492,2023-07-07 10:53:00,1,No utensils, 
483,5,363,5,483,t,398,2021-07-29 17:00:00,4, , 
484,2,67,3,484,t,102,2023-09-09 07:05:00,2,Add extra utensils please,Leave at the reception
485,4,498,3,485,f,533,2022-04-02 01:45:00,1,No utensils, 
486,7,59,2,486,t,94,2023-05-02 22:26:00,1, , 
487,5,305,1,487,f,340,2024-08-09 09:33:00,1,No utensils, 
488,3,266,3,488,t,301,2020-03-02 17:13:00,1, , 
489,5,493,1,489,f,528,2020-07-27 08:42:00,1,Add extra utensils please, 
490,2,236,2,490,f,271,2022-10-04 20:41:00,4,Add extra utensils please, 
491,2,352,2,491,f,387,2021-09-21 18:18:00,2,Add extra utensils please, 
492,6,172,1,492,t,207,2022-01-16 03:46:00,1,Add extra utensils please,Please dont call.Text instead
493,3,482,2,493,f,517,2020-10-12 07:53:00,1, , 
494,1,4,3,494,f,39,2020-08-14 07:22:00,1,Add extra utensils please, 
495,3,333,1,495,f,368,2022-11-12 08:12:00,1, , 
496,7,199,2,496,f,234,2023-10-10 13:46:00,1, , 
497,6,360,2,497,t,395,2020-12-11 21:44:00,4, ,Leave at the reception
498,6,104,4,498,t,139,2022-07-16 21:45:00,2, ,Leave at the reception
499,7,92,2,499,f,127,2022-05-11 08:24:00,1, , 
2,2,221,4,2,f,256,2023-09-29 08:30:00,1, , 
5,2,84,3,5,t,119,2022-12-21 05:10:00,2, ,Contactless delivery.Leave at my doorsteps
10,2,60,4,10,f,95,2021-02-21 03:59:00,2, , 
21,2,359,1,21,f,394,2024-11-13 10:51:00,1, , 
31,2,247,1,31,t,282,2024-08-23 14:13:00,2,Add extra utensils please,Leave at the reception
44,2,201,2,44,f,236,2022-10-17 01:25:00,1, , 
52,2,163,1,52,t,198,2024-11-09 19:46:00,3, ,Contactless delivery.Leave at my doorsteps
58,2,387,4,58,f,422,2022-11-07 15:01:00,1,Add extra utensils please, 
60,2,140,5,60,t,175,2020-10-23 18:37:00,2, ,Leave at the reception
64,2,391,1,64,t,426,2023-06-27 10:44:00,2, ,Leave at the reception
87,2,346,5,87,f,381,2021-03-16 18:53:00,1, , 
91,2,481,1,91,t,516,2022-01-24 10:30:00,2, ,Leave at the reception
98,2,442,3,98,t,477,2023-12-11 06:57:00,1, ,Leave at the reception
106,2,200,5,106,t,235,2022-10-14 11:24:00,3, ,Contactless delivery.Leave at my doorsteps
112,2,279,4,112,t,314,2021-05-09 08:30:00,1, ,Please dont call.Text instead
116,2,191,2,116,f,226,2024-11-08 08:06:00,2,Add extra utensils please, 
119,2,449,2,119,t,484,2022-08-20 23:04:00,2,No utensils,Contactless delivery.Leave at my doorsteps
138,2,23,5,138,t,58,2022-01-13 20:19:00,1,Add extra utensils please, 
141,2,288,2,141,t,323,2020-07-06 22:30:00,2,Add extra utensils please,Contactless delivery.Leave at my doorsteps
151,2,226,5,151,t,261,2024-08-29 09:12:00,1, ,Please dont call.Text instead
153,2,474,1,153,f,509,2020-05-16 16:19:00,3, , 
164,2,428,5,164,t,463,2023-03-07 17:06:00,1,Add extra utensils please,Please dont call.Text instead
168,2,473,4,168,f,508,2022-10-16 15:15:00,2, , 
170,2,223,1,170,t,258,2020-02-22 11:50:00,1, ,Contactless delivery.Leave at my doorsteps
181,2,240,4,181,f,275,2022-08-04 05:34:00,3,No utensils, 
186,2,15,1,186,t,50,2021-11-10 22:15:00,1, ,Contactless delivery.Leave at my doorsteps
199,2,30,4,199,t,65,2021-07-15 00:16:00,2,No utensils, 
207,2,142,4,207,t,177,2022-11-05 05:04:00,2,Add extra utensils please, 
212,2,11,1,212,t,46,2023-09-15 08:19:00,1, , 
213,2,56,4,213,f,91,2021-01-07 08:12:00,2, , 
218,2,116,4,218,t,151,2021-04-20 04:53:00,1, ,Please dont call.Text instead
222,2,372,4,222,t,407,2023-03-25 16:02:00,3, , 
223,2,469,4,223,f,504,2022-01-05 14:31:00,1, , 
228,2,460,4,228,f,495,2023-09-04 09:09:00,2, , 
231,2,113,2,231,t,148,2024-01-26 03:29:00,1,No utensils, 
233,2,404,3,233,t,439,2024-01-29 00:25:00,3,Add extra utensils please,Contactless delivery.Leave at my doorsteps
236,2,304,1,236,f,339,2020-07-18 06:31:00,1, , 
237,2,26,4,237,f,61,2020-11-22 11:46:00,2, , 
240,2,96,1,240,f,131,2023-08-17 22:34:00,2, , 
248,2,8,1,248,f,43,2020-06-12 21:05:00,1, , 
254,2,10,3,254,f,45,2022-12-06 16:51:00,2, , 
259,2,138,1,259,t,173,2021-08-19 08:57:00,1, , 
272,2,161,1,272,f,196,2023-09-17 18:20:00,3,Add extra utensils please, 
297,2,298,3,297,t,333,2020-10-02 03:30:00,1, ,Please dont call.Text instead
303,2,275,1,303,t,310,2021-01-29 15:17:00,2, , 
307,2,320,1,307,f,355,2021-09-04 19:39:00,1, , 
314,2,426,3,314,f,461,2022-04-26 00:23:00,3, , 
317,2,365,5,317,t,400,2020-05-30 10:21:00,1,Add extra utensils please, 
320,2,141,5,320,f,176,2024-04-14 15:35:00,2, , 
322,2,276,4,322,t,311,2023-01-26 05:31:00,2, , 
334,2,200,2,334,f,235,2020-08-13 13:15:00,1, , 
346,2,263,2,346,f,298,2020-10-15 06:23:00,2,Add extra utensils please, 
376,2,299,3,376,f,334,2024-03-13 00:38:00,1,Add extra utensils please, 
381,2,203,1,381,f,238,2022-08-06 03:32:00,3, , 
382,2,93,2,382,t,128,2020-07-13 01:26:00,1,No utensils,Leave at the reception
400,2,63,3,400,f,98,2023-03-11 15:28:00,2, , 
404,2,263,1,404,t,298,2023-08-22 04:15:00,1, ,Please dont call.Text instead
405,2,206,1,405,t,241,2020-11-15 05:00:00,3, ,Contactless delivery.Leave at my doorsteps
408,2,391,4,408,t,426,2023-04-14 12:13:00,1,Add extra utensils please,Contactless delivery.Leave at my doorsteps
414,2,24,4,414,f,59,2020-05-13 11:57:00,2,Add extra utensils please, 
421,2,98,4,421,t,133,2021-02-01 00:29:00,2,Add extra utensils please,Please dont call.Text instead
422,2,446,5,422,t,481,2025-02-12 11:18:00,1, , 
425,2,267,3,425,f,302,2020-12-13 06:32:00,2, , 
431,2,340,4,431,t,375,2023-12-07 06:45:00,1,Add extra utensils please,Leave at the reception
437,2,282,3,437,f,317,2024-02-27 08:52:00,3, , 
449,2,41,4,449,f,76,2020-09-22 17:09:00,1,Add extra utensils please, 
459,2,337,4,459,t,372,2023-03-30 12:06:00,2, ,Please dont call.Text instead
460,2,380,5,460,t,415,2020-12-24 00:04:00,1, , 
469,2,450,3,469,f,485,2022-05-09 00:44:00,3, , 
471,2,179,1,471,f,214,2020-06-14 02:53:00,1, , 
488,2,266,3,488,t,301,2020-03-02 17:13:00,2, , 
493,2,482,2,493,f,517,2020-10-12 07:53:00,2, , 
495,2,333,1,495,f,368,2022-11-12 08:12:00,1, , 
